title;genres;bpm;length;gain;rank;publicationDate;genres_1;genres_2;genres_3;genres_4;genres_5;genres_6;genres_7;key;year
The Way You Look Tonight;Traditional pop music;95.7;184;-10.1;0;05-02-2015;;;;;;;;;2015
Blow The Whistle;Hip hop music;100;171;;0;28-01-2011;;;;;;;;;2011
Good King Wenceslas;;138;333;;0;09-11-2009;;;;;;;;;2009
Time To Say Goodbye (Con Te Partir�);Operatic pop;132;193;;0;03-06-2014;;;;;;;;Gmaj;2014
In The Jailhouse Now;Country music;84;107;;0;05-11-2009;;;;;;;;Emaj;2009
The Wild Rover;Pop music;92;252;;9163;24-03-2006;Folk music;Music of Ireland;;;;;;;2006
My Foolish Heart;;87;183;;62476;16-11-2012;;;;;;;;;2012
So Far;;93.75;219;-16.3;62476;16-11-2012;;;;;;;;;2012
These Foolish Things (Remind Me Of You);Twelve-bar blues;131.25;208;-10.7;65256;27-05-2011;Traditional pop music;Rhythm and blues;;;;;;;2011
Old Devil Moon;Jazz;113;182;;65899;16-11-2012;;;;;;;;;2012
Tenderly;;129.199;216;-15.1;71150;24-05-2011;;;;;;;;;2011
Stargazer;Heavy metal music;92;379;;71812;27-05-2011;Power metal;Symphonic rock;Progressive rock;;;;;;2011
Time After Time;Jazz;156.6;171;-9.8;96713;05-02-2015;;;;;;;;;2015
The Night The Lights Went Out In Georgia;Country music;86;220;;97694;20-11-2001;Country pop;;;;;;;Ebmin;2001
Sad Eyes;Rock music;113.9;251;-12.8;105382;14-07-2009;Pop music;;;;;;;Dbmaj;2009
Absolutely Everybody (Latino Mix);House music;123;208;-12;109471;02-02-2014;Dance-pop;;;;;;;Emin;2014
I Let A Song Go Out Of My Heart;;119;118;;109858;16-11-2012;;;;;;;;;2012
David Guetta:Without You;;128;225;-16.2;114170;04-11-2011;;;;;;;;;2011
My Favorite Things;;105;193;;114170;23-02-2010;;;;;;;;;2010
(Where Do I Begin) Love Story;;140;193;-12.9;117334;16-11-2012;;;;;;;;;2012
Attention;;149.8;174;-7.9;119026;28-04-2014;;;;;;;;;2014
On Green Dolphin Street;;114;240;;121745;16-11-2012;;;;;;;;;2012
I Melt With You;Post-punk;146;240;-7.8;125854;01-03-2015;New wave music;;;;;;;;2015
Jesus Jones:Right Here Right Now;Alternative rock;110;202;;125994;01-07-2010;Alternative dance;;;;;;;;2010
Yesterdays;Jazz;107;195;-14.1;130736;16-11-2012;;;;;;;;;2012
In The Wee Small Hours;Traditional pop music;103;203;-16.5;132360;16-11-2012;;;;;;;;;2012
Lost In The Stars;;91;242;-16.1;133344;23-11-2010;;;;;;;;;2010
Seether;Grunge;105;196;;135162;06-12-2011;Alternative rock;Post-grunge;;;;;;Bbmaj;2011
Wobble (Skit);Hip hop music;142;25;-16.9;135188;25-08-2008;Pop-rap;;;;;;;;2008
Without A Song;;143;183;-18.6;135297;14-10-1997;;;;;;;;;1997
Willow Weep For Me;;157;180;-20.2;135499;04-02-1997;;;;;;;;;1997
I Wished On The Moon;Jazz;117;166;-18.9;135499;04-02-1997;;;;;;;;;1997
Ill Wind;;113;184;-18.2;135499;04-02-1997;;;;;;;;;1997
Good Morning Heartache;Twelve-bar blues;120;157;-19.5;135499;04-02-1997;;;;;;;;;1997
She's Gone;Soul music;156;297;-12.7;142689;01-01-2003;Jazz;Blue-eyed soul;Soft rock;;;;;;2003
What A Little Moonlight Can Do;Jazz;98;165;-17.5;142998;04-02-1997;;;;;;;;;1997
Can I Change My Mind;Soul music;101.3;174;-12.8;149647;20-04-2015;;;;;;;;;2015
What Would Your Memories Do;Country music;86.1;169;-16.6;149677;02-01-1984;;;;;;;;;1984
Control;;140;432;-10.9;149702;28-02-1995;;;;;;;;Fmaj;1995
The Doxology;;95.7;50;-26.1;149811;01-04-2010;;;;;;;;;2010
I Think We're Alone Now;Power pop;140.1;205;-7.6;149811;29-05-2008;Bubblegum pop;Teen pop;Dance-pop;New wave music;Pop rock;Hardcore punk;Synthpop;;2008
Just Friends;Jazz;117.5;146;-15.5;150030;10-02-2010;;;;;;;;;2010
Tonight;Broadway theatre;133;128;;150111;23-02-2010;;;;;;;;;2010
Out Of This World;;102;188;;150232;16-11-2012;;;;;;;;;2012
Street Of Dreams;Jazz;154;186;-15.7;154423;16-11-2012;;;;;;;;;2012
Softly As I Leave You;Popular music;92;163;-15.6;155874;23-02-2010;;;;;;;;;2010
Suburbia;Synthpop;126;216;-7.2;156037;29-08-2008;;;;;;;;Emaj;2008
Garden In The Rain;;77;136;-12.4;156085;19-03-2010;;;;;;;;Ab;2010
West End Girls;Synthpop;116.5;224;-12.7;160571;01-04-2009;Pop music;;;;;;;Emin;2009
Sleepin' Bee;;117;177;-22.8;160886;14-10-1997;;;;;;;;;1997
Young And Foolish;;85;202;-19.6;160886;29-08-1995;;;;;;;;;1995
Free Fallin';Rock music;183.8;251;-13.2;161092;01-01-2003;Alternative rock;;;;;;;;2003
L'Hymne De Nos Campagnes;Reggae;180.5;205;-9.5;161270;31-10-2005;;;;;;;;Fmaj;2005
On The Sunny Side Of The Street;;120;140;-12.2;161385;16-11-2012;;;;;;;;;2012
Can't Help Falling In Love;Dance-pop;72;157;;161385;23-02-2010;Reggae fusion;Pop music;;;;;;;2010
Between The Devil And The Deep Blue Sea;;87.8;197;-16.9;161871;29-08-1995;;;;;;;;;1995
Swinging On A Star;Pop music;164;125;-16.3;162189;29-09-1998;;;;;;;;;1998
Do Ya;Rock music;119;260;-14.6;166200;13-12-2005;Hard rock;Symphonic rock;;;;;;;2005
Sleepin' Bee;;85;203;;166326;16-11-2012;;;;;;;;;2012
Distant Drums;;95;186;-15.3;166468;19-03-2010;;;;;;;;Abmin;2010
If You Could Read My Mind (Club Mix);Dance-pop;123.4;315;-15.2;167028;05-09-2007;Pop-folk;;;;;;;Bmin;2007
All Your Faithless Loyalties;Indie rock;136;317;-15;167160;05-06-2007;Lo-fi music;;;;;;;Amaj;2007
Spanish Harlem (Aquella Rosa);Soul music;114;186;-14.6;167355;18-09-2006;;;;;;;;Dmaj;2006
Lost In The Stars;;123;214;-23.7;167509;14-10-1997;;;;;;;;;1997
Say I Am (What I Am);Rock music;128;151;-12.1;170128;08-02-2005;;;;;;;;;2005
The Best Is Yet To Come;Traditional pop music;124;159;-20.3;170170;14-10-1997;Jazz;;;;;;;;1997
This Is All I Ask;;112;193;-15.3;172315;30-10-2006;;;;;;;;;2006
Have A Look;Pop rock;189.7;218;-9.7;174207;01-01-2000;;;;;;;;Amaj;2000
Tenderly;;130;225;;174385;30-10-1995;;;;;;;;;1995
Days Of Wine And Roses;Easy listening;100;176;-18.5;174467;18-08-1997;;;;;;;;;1997
These Foolish Things (Remind Me Of You);Twelve-bar blues;91;262;-18.5;175105;04-02-1997;Traditional pop music;Rhythm and blues;;;;;;;1997
All Or Nothing;;120;269;-10.7;175256;12-05-2014;;;;;;;;;2014
Wave;;113.9;277;-18.3;175327;29-08-1995;;;;;;;;;1995
Waltz For Debby;Jazz;142.6;219;-17.9;176080;29-08-1995;;;;;;;;;1995
First Of May;Folk music;136;321;-14.1;176368;01-01-2003;Easy listening;;;;;;;;2003
Leaving On A Jet Plane;Folk music;140;191;-13.1;176505;01-03-2002;;;;;;;;Emaj;2002
I Only Have Eyes For You;Traditional pop music;129.2;156;-12.6;176505;16-11-2012;Soft rock;Doo-wop;;;;;;;2012
Pennies From Heaven;;142;136;-18;176912;14-10-1997;;;;;;;;;1997
Amazing;Pop rock;113.9;214;-6.7;178054;01-01-2011;;;;;;;;Emaj;2011
Red Red Wine;Reggae fusion;82;191;;178176;19-03-2010;Soft rock;Pop music;;;;;;Emaj;2010
Speak Low;;135;121;-21.4;178274;14-10-1997;;;;;;;;;1997
Solitude;Jazz;89;176;-18.7;178274;04-02-1997;;;;;;;;;1997
Cast Your Fate To The Wind;Jazz fusion;140;116;-13.9;178436;23-02-2010;;;;;;;;;2010
The Trolley Song;;137;154;-13.3;182602;18-08-1997;;;;;;;;;1997
Shangri-La;;99;126;-11.6;182716;19-03-2010;;;;;;;;Amaj;2010
Astronomy Domine;Psychedelic rock;129.604;330;-13.6;183270;0000-00-00;Space rock;;;;;;;;
Love Is Here To Stay;;163.4;163;-14;184871;16-11-2012;;;;;;;;;2012
There Will Never Be Another You;;91.1;114;-10.5;184871;16-11-2012;;;;;;;;;2012
When A Woman Loves A Man;Jazz;151;191;-18;186081;04-02-1997;;;;;;;;;1997
Hot Tottie;Contemporary R&B;175.2;299;-6.9;186081;20-09-2010;Hip hop music;;;;;;;;2010
Away In A Manger;;150;157;-15.6;187648;27-08-2007;;;;;;;;Cmaj;2007
New Year's Day;Electronic dance music;126.8;398;-7.3;188738;15-03-2011;Post-punk;Rock music;;;;;;;2011
Good Lovin';Blue-eyed soul;105;143;;190824;08-02-2005;Rhythm and blues;;;;;;;;2005
I Wished On The Moon;Jazz;122;188;-16.7;190836;30-10-2006;;;;;;;;;2006
Wishin' And Hopin';Pop music;107;174;-12.8;191828;06-05-2003;;;;;;;;Amaj;2003
Slave To Love;Soft rock;152;236;-13.9;192176;28-02-2005;;;;;;;;;2005
Rags To Riches;;135;72;-20.3;193648;14-10-1997;;;;;;;;;1997
Making Memories Of Us;Country music;107;224;-10.2;193648;02-08-2003;;;;;;;;Gbmaj;2003
The Ballad Of Ronnie Drew;Folk music of Ireland;184;290;-10.2;195102;22-02-2008;Rock music;;;;;;;;2008
You Go To My Head;Jazz;107;226;-16.9;195496;30-10-2006;;;;;;;;;2006
I Ain't Never;Country music;118.8;119;-13.9;197769;01-07-2009;;;;;;;;Bmaj;2009
Sentimental Journey;;76;208;;198039;30-10-1995;;;;;;;;;1995
God Bless The Child;Jazz;76;169;;199362;30-10-1995;;;;;;;;;1995
Living On A Prayer;Glam metal;136;255;-9.2;203262;29-05-2008;Hard rock;;;;;;;;2008
Walk On By;Pop music;171;299;-15.4;203662;22-08-2006;Soul music;Funk;;;;;;;2006
Make It Easy On Yourself;Rhythm and blues;123.4;272;-17.8;205304;29-08-1995;Pop music;;;;;;;;1995
Save A Prayer;New wave music;106;307;-13.4;205499;01-01-2003;Synthpop;;;;;;;;2003
Poor Butterfly;;142;341;;205538;30-10-1995;;;;;;;;;1995
You Go To My Head;Jazz;115.485;160;-18.1;206859;14-10-1997;;;;;;;;;1997
East Of The Sun (West Of The Moon);;92;251;-14.6;207095;30-10-2006;;;;;;;;;2006
Fallen Angel;;133;299;-12.2;207744;28-02-1995;;;;;;;;Bmin;1995
I Only Have Eyes For You;Traditional pop music;105.738;133;-16.8;207926;14-10-1997;Soft rock;Doo-wop;;;;;;;1997
Let's Face The Music And Dance;Jazz;91.4685;167;-16.8;208026;14-10-1997;;;;;;;;;1997
You Can Leave Your Hat On;Rock music;87.8;279;-11.6;208905;20-10-1999;;;;;;;;;1999
A Fine Fine Day;Rock music;112.961;265;-13.4;209476;13-05-2008;;;;;;;;Fmin;2008
Angel Eyes;;93;162;-15.6;210213;30-10-2006;;;;;;;;;2006
I'm Still Crazy;Country music;187.9;166;-17.1;212170;31-08-1993;;;;;;;;Dmin;1993
Cheek To Cheek;;134;205;-19.6;212190;10-11-1987;;;;;;;;;1987
People;;80;282;-14;212327;30-10-1995;;;;;;;;;1995
Silent Night;;82;127;-14.9;212393;26-04-2005;;;;;;;;;2005
Love For Sale;;131.2;188;-16.7;213947;14-10-1997;;;;;;;;;1997
Dream Of Me;Country music;175.2;167;-19.8;213992;01-01-2008;;;;;;;;Amaj;2008
Smile;;116;83;-17.9;214288;14-10-1997;;;;;;;;;1997
Out Of This World;;92;271;-16.9;215634;15-06-2004;;;;;;;;;2004
Walk On;Rock music;99.9;270;-7.6;215836;14-07-2009;;;;;;;;;2009
1979;Alternative rock;135.1;237;-11;218430;18-01-2006;;;;;;;;;2006
We're Going To Ibiza;Reggae fusion;103.9;216;-9.7;218447;01-01-2010;Eurodance;;;;;;;;2010
Taking A Chance On Love;;107;92;-16.8;218471;14-10-1997;;;;;;;;;1997
I Can't Make You Love Me;Pop music;123.8;288;-17.3;219216;01-01-2003;Adult contemporary music;Electropop;Contemporary R&B;Electronic dance music;;;;;2003
The First Cut Is The Deepest;Rock music;94.6;216;-13;220131;01-01-2003;;;;;;;;;2003
Don't Want No Woman Who Stays Out All Night Long;Lo-fi music;162.8;158;-9.9;220131;26-06-2007;Indie rock;;;;;;;Dmin;2007
Blues In The Night;;99.6235;170;-18.5;220821;14-10-1997;;;;;;;;;1997
Begin The Beguine;Jazz;118.463;261;-18.8;220821;14-10-1997;;;;;;;;;1997
Clementine;;153;197;-10.5;222213;08-11-2004;;;;;;;;;2004
Joyful Joyful;;110;274;-14.6;223435;24-10-2008;;;;;;;;G;2008
The Long And Winding Road;Pop music;132.9;283;-15.9;223460;29-08-1995;;;;;;;;;1995
When I Fall In Love;Pop music;76;188;-12.3;223693;08-11-2004;Traditional pop music;;;;;;;;2004
Lullaby Of Broadway;;180.5;144;-16.9;224358;14-10-1997;;;;;;;;;1997
Summer Wind;;88;177;-11;225731;08-11-2004;;;;;;;;;2004
Good Kisser;Contemporary R&B;97;236;-10;227200;17-10-2014;;;;;;;;;2014
Everything I Want;;98;180;-11.7;227211;07-06-2011;;;;;;;;;2011
The Very Thought Of You;;81;270;;227308;25-09-2007;;;;;;;;;2007
Chiseled In Stone;Country music;140.6;230;-17.3;227358;31-08-1993;;;;;;;;Ebmaj;1993
Steppin' Out With My Baby;Jazz;76;195;;227905;11-10-1999;;;;;;;;;1999
Bill Haley And His Comets:Shake Rattle And Roll;Rockabilly;167.4;152;-14.6;228612;23-10-2007;Rhythm and blues;Rock and roll;;;;;;;2007
Top Hat White Tie And Tails;Jazz;93.5;155;-16.1;228942;05-10-1993;;;;;;;;;1993
Amami Se Vuoi;;87.8;209;-10.8;229533;30-06-2011;;;;;;;;;2011
But Beautiful;;98;244;-13;230294;19-09-2014;;;;;;;;;2014
Sing You Sinners;;105;121;-18.1;231434;14-10-1997;;;;;;;;;1997
Sheila;Pop music;130.8;127;-13.6;233045;01-01-2003;Rockabilly;Music of Lubbock;Texas;;;;;Emin;2003
Dizzy;Bubblegum pop;101.6;172;-10.8;233711;01-07-2008;;;;;;;;Emin;2008
More And More;;113.6;147;-14.9;235354;12-06-2006;;;;;;;;Gbmin;2006
Right In The Wrong Direction;Country music;168.8;134;-16.9;235608;31-08-1993;;;;;;;;Dbmin;1993
Mary J. Blige:Each Tear;;92;255;-8.6;236638;18-12-2009;;;;;;;;Bmin;2009
Solitaire;Pop music;147;307;-10.8;237200;17-11-2006;;;;;;;;;2006
Who You Gonna Blame It On This Time;Country music;170.1;170;-17.7;237778;31-08-1993;;;;;;;;Dmin;1993
BT:Blue Skies;Dance music;126;306;-8.7;238132;12-11-1996;;;;;;;;;1996
Let There Be Love;;173.7;123;-16.4;239522;14-10-1997;;;;;;;;;1997
Little Altar Boy;;122;197;-15;239809;19-03-2010;;;;;;;;Ebmin;2010
Dappens;Lo-fi music;185.4;387;-15.5;239857;26-06-2007;Indie rock;;;;;;;Fmaj;2007
Beggin' On Your Knees;Dance-pop;130;194;-6.7;240363;20-02-2015;Teen pop;Electronic rock;;;;;;;2015
I Can Understand It;;120.2;340;-14.6;241150;01-01-2009;;;;;;;;;2009
What Child Is This;;122;232;-13.5;241670;05-11-1996;;;;;;;;;1996
Polk Salad Annie;;150.9;309;-11.8;243051;07-03-2012;;;;;;;;Bmin;2012
Once Upon A Time;;152.6;178;-15.5;243221;0000-00-00;;;;;;;;;
Everybody Knows;Country music;98;194;-10.2;244624;11-09-2007;;;;;;;;E;2007
Sweet Lorraine;;74.6;222;-15;245123;21-11-2011;;;;;;;;;2011
Dim Lights Thick Smoke (And Loud Loud Music);Country music;142.6;211;-16.3;245697;01-01-2008;;;;;;;;Emaj;2008
Cool On Your Island;Synthpop;126.8;321;-19.4;245969;27-09-2005;;;;;;;;;2005
Something Right;Pop music;187.9;192;-7.7;246740;02-11-2007;Contemporary R&B;;;;;;;;2007
I Don't Care;Country music;154.3;146;-12.2;248031;01-01-2001;;;;;;;;Gmaj;2001
Life;Pop music;136;183;-7.6;248161;17-06-2011;;;;;;;;;2011
The Very Thought Of You;;102;241;-13.7;248232;01-01-1980;;;;;;;;;1980
Gettin' Together;Rock music;139.7;138;-11.2;248354;28-10-2008;;;;;;;;;2008
Tommy James And The Shondells:Gettin' Together;Rock music;139.7;138;-11.2;248354;28-10-2008;;;;;;;;;2008
God Bless The Child;Jazz;129;152;-16.4;249269;04-02-1997;;;;;;;;;1997
Lokka T�ttur;;160;364;-7.8;249561;01-11-2012;;;;;;;;;2012
I'll Never Smile Again;Jazz;122.3;148;-18.8;250277;01-10-2008;;;;;;;;;2008
Kiss Your Mama!;Pop rock;129;188;-6.7;250326;24-05-2008;;;;;;;;Emin;2008
Us Against The World;Pop music;119.8;238;-8.3;250824;02-11-2007;;;;;;;;;2007
Sweet Lorraine;;149;218;-17.2;253897;14-10-1997;;;;;;;;;1997
I Did What I Did For Maria;;123;220;-10.9;255119;26-07-2010;;;;;;;;Gmaj;2010
I Wanna Be Around;;104;130;-18.2;255536;08-07-1993;;;;;;;;;1993
Alibis;Country music;107;182;-16.1;256141;03-12-2007;;;;;;;;Emaj;2007
Mary Did You Know;Contemporary Christian music;110.2;251;-15.1;256540;15-07-1994;Country music;Gospel;;;;;;Amin;1994
When You're Looking Like That;Pop music;140;224;-7.8;256897;29-05-2008;;;;;;;;;2008
She's The Woman;Hard rock;102;176;-5.9;257169;03-02-2012;;;;;;;;;2012
Can't Get This Stuff No More;Hard rock;151;315;-10;258539;24-09-1996;;;;;;;;;1996
Ballerina;Folk rock;136;423;-18.6;258696;01-11-1968;;;;;;;;;1968
Holiday;Dance-pop;106;197;-6.7;259066;06-11-2009;;;;;;;;Bmaj;2009
If You Could Read My Mind (Extended Mix);Dance-pop;123.4;309;-15.8;259073;05-09-2007;Pop-folk;;;;;;;Gmaj;2007
It's Only Love;Rock music;139.2;127;-14;259435;28-10-2008;;;;;;;;;2008
Tommy James And The Shondells:It's Only Love;Rock music;139.2;127;-14;259435;28-10-2008;;;;;;;;;2008
Rainy Night In Georgia;Soul music;146;269;-18.4;260482;07-03-2012;Rhythm and blues;;;;;;;Dmaj;2012
Accept:Fast As A Shark;Power metal;140;234;-15.7;260520;31-05-2007;Speed metal;Heavy metal music;;;;;;Emin;2007
Pancho And Lefty;Country music;154;229;-13.6;260649;03-09-2009;;;;;;;;Dmaj;2009
Come Fly With Me;Traditional pop music;136;193;-9.8;260945;08-11-2004;;;;;;;;;2004
Cleaning Windows;Jazz;182.937;286;-13.9;261207;22-10-2007;Celtic music;;;;;;;;2007
Love Is The Answer;Soft rock;99;257;-14.9;261506;01-09-1977;;;;;;;;;1977
Big Love;Country music;114.5;219;-11.2;261600;20-11-2001;;;;;;;;Ebmin;2001
Wear You Out;Art rock;119.8;440;-9.2;262482;07-06-2004;;;;;;;;;2004
Hitchin' A Ride;Synthpop;137.8;185;-14.2;262619;01-11-2011;Pop rock;;;;;;;;2011
I Will;;104;161;-14.4;263031;19-03-2010;;;;;;;;Gbmaj;2010
Smile;;83;169;-11.2;263479;08-11-2004;;;;;;;;;2004
You Light Up My Life;Country music;84.9;207;-9.4;263563;13-11-2006;Adult contemporary music;Pop music;Easy listening;Soft rock;;;;;2006
Can't Break It To My Heart;Country music;136;174;-11.3;264438;10-07-2007;;;;;;;;Fmaj;2007
Mirage;Pop rock;128.8;165;-12.7;264601;28-10-2008;Classic rock;;;;;;;;2008
Tommy James And The Shondells:Mirage;Pop rock;128.8;165;-12.7;264601;28-10-2008;Classic rock;;;;;;;;2008
Fire;Rock music;149;232;-11.4;265120;21-07-2008;Post-punk;;;;;;;;2008
My Funny Valentine;;154;183;-14.9;265281;16-11-2012;;;;;;;;;2012
Tomorrow Never Knows;Experimental rock;131.7;329;-10;265393;06-10-2009;Psychedelic rock;Hard rock;Raga rock;;;;;;2009
Guns For Hands;Indie pop;130;273;-8.2;265688;17-07-2012;Alternative dance;;;;;;;;2012
One Step Closer;Rock and roll;88;231;-11.6;265688;22-11-2004;;;;;;;;;2004
I Wonder Where We'd Be Tonight;Country music;127.2;214;-18.1;266262;01-01-2008;;;;;;;;Bmin;2008
Silent Night;;72;249;-9.3;266472;25-10-2013;;;;;;;;Gmaj;2013
A Mind Of Its Own;Pop music;101;229;-8.9;266648;01-03-2003;;;;;;;;Dbmaj;2003
To Be With You;Acoustic music;166;199;-9;266876;03-11-2003;;;;;;;;;2003
How Do I Live;Pop music;126;242;-11;267560;11-09-2007;Country music;;;;;;;Dmaj;2007
Because Of You;;76;242;-13.3;268168;01-01-1980;;;;;;;;;1980
The Simple Things (Something Emotional);Soul music;110;270;-7.2;268368;24-05-2008;;;;;;;;Amin;2008
Jump;Arena rock;130;260;-7.1;268714;14-05-2007;Pop rock;Electronic rock;;;;;;;2007
Hanky Panky;Garage rock;125;173;-12.4;269599;08-02-2005;;;;;;;;;2005
I Left My Heart In San Francisco;Traditional pop music;91;233;-15.9;269785;01-01-1980;;;;;;;;;1980
Just One Of Those Things;;149.8;123;-18.9;269971;14-10-1997;;;;;;;;;1997
Pal�stinalied;;107.9;163;-11.5;270336;03-08-2007;;;;;;;;;2007
Eruption;Instrumental rock;149;101;-9.4;270872;14-05-2007;;;;;;;;;2007
How Could An Angel Break My Heart;;82;260;-14.7;271117;12-02-2007;;;;;;;;;2007
This Is All I Ask;;134;273;-14.2;271327;16-09-2011;;;;;;;;;2011
In Waves;;153.1;302;-7.3;272047;13-06-2011;;;;;;;;Amaj;2011
I Remember You;;121.6;304;-13.3;272143;01-01-2001;;;;;;;;;2001
Come Thou Fount Of Every Blessing;;122;90;-19.7;272524;12-03-1998;;;;;;;;Dmaj;1998
Rosanna;Blues;173;505;-11.6;272527;23-07-1993;Pop rock;Power pop;Rock music;;;;;;1993
Professional Widow;Alternative rock;107;279;-14.5;273158;25-09-2015;Speed garage;;;;;;;;2015
DJ Got Us Falling In Love;Electronic dance music;110;244;-21.9;273462;24-02-2015;Europop;;;;;;;;2015
You're A God;Post-grunge;193;218;-8.2;274561;29-12-2000;Alternative rock;;;;;;;Bbmaj;2000
Is It Raining At Your House;Country music;140.1;179;-18.1;274798;31-08-1993;;;;;;;;Dmaj;1993
The British Are Coming;Power pop;126;248;-7.6;275123;03-10-2014;Alternative rock;;;;;;;;2014
We'll Meet Again;;90;180;-13.4;275589;17-05-2004;;;;;;;;;2004
Ormurin Langi;;119;353;-8.9;276429;01-11-2012;;;;;;;;;2012
Days Of Wine And Roses;Easy listening;194;140;-16.9;277194;21-12-2010;;;;;;;;;2010
My Girl;Rhythm and blues;104;174;-9.5;277614;14-05-2001;Soul music;;;;;;;;2001
Caught A Lite Sneeze;Alternative rock;158;265;-11.4;277677;21-06-2005;Baroque pop;;;;;;;;2005
Africa;Soft rock;98;371;-14.2;278159;23-07-1993;;;;;;;;;1993
Seven Year Ache;Country music;122;215;-10.8;278313;04-06-2001;;;;;;;;Cmaj;2001
Ambulance;Art rock;93.3;294;-15.8;278429;07-06-2004;;;;;;;;;2004
Here I Go Again;Glam metal;128;217;-8.6;278474;29-05-2008;Hard rock;;;;;;;;2008
Blue Moon;;138;131;-23.2;278923;23-11-2010;;;;;;;;;2010
It's Been So Long;;143;137;-13.5;279268;01-01-2001;;;;;;;;Bbmaj;2001
Moon River;Easy listening;153.7;160;-10.6;279620;08-11-2004;;;;;;;;;2004
If I Ruled The World;;137;174;-12.4;279739;01-01-1980;;;;;;;;;1980
Domo23;Hip hop music;132.9;161;-8.6;279745;15-02-2013;;;;;;;;;2013
Cleaning Windows;Jazz;102.845;262;-11.1;280220;28-08-2015;Celtic music;;;;;;;;2015
Lullaby Of Broadway;;179.8;194;-14.2;281398;30-10-2006;;;;;;;;;2006
Pretty Baby;Pop music;138;247;-8.7;281407;01-01-1951;Pop rock;;;;;;;Amaj;1951
Safe;Pop rock;140.2;234;-9.9;281557;12-11-2010;;;;;;;;;2010
Me Wise Magic;Glam metal;98;366;-9.4;281740;24-09-1996;Hard rock;;;;;;;;1996
If The Good Die Young;Country music;156;149;-9.1;282061;18-10-2005;;;;;;;;Emin;2005
Poundcake;Hard rock;105;320;-7.1;282085;14-05-2007;;;;;;;;;2007
Home On The Range (Cherokee Edition);;122;321;-13.2;282122;18-12-2006;;;;;;;;;2006
Powerful Thing;Country music;148;176;-8.9;282236;15-01-2008;;;;;;;;Bmin;2008
I Left My Heart In San Francisco;Traditional pop music;128;176;-11.6;282321;08-11-2004;;;;;;;;;2004
Golden Age;Indie rock;110;252;-9.6;283023;26-08-2008;Funk rock;;;;;;;;2008
Victrola;Alternative rock;146;139;-12.4;283275;11-10-1994;;;;;;;;;1994
Let It Snow! Let It Snow! Let It Snow!;;117;185;-14.5;283565;02-01-2009;;;;;;;;;2009
Love Can Build A Bridge;Country music;130;235;-8.4;283739;13-11-2006;Pop rock;;;;;;;;2006
Pearl's Girl;Drum and bass;149.796;496;-11.2;284216;20-11-2015;Trance music;;;;;;;;2015
Wichita Lineman;Country music;94.1771;240;-12.3;284515;08-01-2016;Pop music;;;;;;;;2016
The Dance;Dance music;126;238;-10.3;284668;13-11-2006;Freestyle music;Country music;;;;;;;2006
Let There Be Love;;119;163;-12.1;284711;08-11-2004;;;;;;;;;2004
Jesus Christ;;132;191;-13.1;286521;30-08-1988;;;;;;;;;1988
Sanomi;Celtic music;170;180;-9.8;286719;30-04-2003;;;;;;;;;2003
Stille Nacht Heilige Nacht (Silent Night Holy Night);;162;219;-12.8;286769;06-11-2009;;;;;;;;;2009
Let It Flow;;168;262;-11.6;287086;12-02-2007;;;;;;;;;2007
Boom Boom;Talking blues;166;472;-14.5;288396;20-11-2007;Blues;Blues rock;;;;;;Gbmin;2007
Till The End;Country music;92;166;-20;288465;12-07-2013;;;;;;;;;2013
Lullaby Of Broadway;;93;183;-10.1;288525;01-01-1980;;;;;;;;;1980
Runnin' Behind;Country music;144;173;-10.4;288531;10-07-2007;;;;;;;;Emaj;2007
When I Call Your Name;Country music;70;254;-20;288666;30-09-1993;;;;;;;;Fmaj;1993
Hard To Say I'm Sorry;Progressive rock;142.1;237;-8;288690;26-10-2007;Adult contemporary music;Soft rock;Contemporary R&B;;;;;;2007
The Truth About Men;Country music;146;176;-8.9;288729;05-03-2005;;;;;;;;Emin;2005
Eleanor Rigby - Elds;Baroque pop;137;491;-20.3;288772;23-08-2005;;;;;;;;;2005
In This Life;Country music;128;248;-10.1;288779;19-05-2003;Pop music;;;;;;;;2003
Nolita Fairytale;Indie pop;186;206;-8.5;288812;09-10-2007;Piano rock;;;;;;;G;2007
I Thought About You;;97;176;-15.2;288933;30-10-2006;;;;;;;;;2006
Think Of You;Contemporary R&B;93;229;-13.2;288973;16-06-2008;Hip hop soul;;;;;;;;2008
Right Now;Hard rock;97;373;-12.6;288973;23-02-1993;;;;;;;;;1993
Unchained;Heavy metal music;137;296;-8.2;289386;27-03-2015;Hard rock;;;;;;;;2015
Somebody Paints The Wall;Country music;161;195;-12.7;289430;10-07-2007;;;;;;;;Amaj;2007
Bliss;Baroque pop;114;221;-13.5;289607;18-12-2006;Electronic music;Alternative rock;;;;;;;2006
Madame George;Folk rock;132;585;-19.4;289611;01-11-1968;;;;;;;;;1968
Putting The Damage On;Baroque pop;107;308;-14.3;289767;18-12-2006;;;;;;;;;2006
Bang Bang;Pop rock;137;316;-10.2;289794;23-08-2005;;;;;;;;;2005
Star Of Wonder;;137;225;-12.2;289947;07-01-2015;;;;;;;;;2015
God;Alternative rock;151;234;-13.1;290199;28-01-1994;;;;;;;;;1994
Comfort And Joy;;162;236;-13.7;290314;06-11-2009;;;;;;;;;2009
Moonlight In Vermont;;116;172;-19.5;290326;30-10-1995;;;;;;;;;1995
Winter;;157;343;-12.4;290327;17-11-2003;;;;;;;;;2003
The Electric Co.;Rock music;171;286;-11.9;290471;21-07-2008;Post-punk;;;;;;;;2008
Sing You Sinners;;87;136;-12.3;290546;01-01-1980;;;;;;;;;1980
Domino Dancing;Synthpop;110;249;-7.6;290547;21-08-2009;Freestyle music;;;;;;;Amin;2009
They're Playing Our Song;;123;335;-10.4;290554;20-04-2010;;;;;;;;Bbmaj;2010
Set 'Em Up Joe;Country music;119;146;-16.8;290702;31-08-1993;;;;;;;;Dmaj;1993
Tattoo;Hard rock;99;283;-6.6;290817;01-01-2012;;;;;;;;;2012
Linus And Lucy;;164;185;-14.2;290838;07-12-2010;;;;;;;;;2010
Dance The Night Away;Hard rock;130;267;-9.4;290861;27-03-2015;;;;;;;;;2015
What Child Is This;;122;249;-14.2;290862;29-10-2010;;;;;;;;;2010
Crucify;Alternative rock;166;299;-10.4;290913;17-11-2003;;;;;;;;;2003
There Goes My Baby;Country music;108;230;-8.9;291052;11-09-2007;;;;;;;;Cmaj;2007
New Age;;149;276;-10.5;291149;17-09-2001;;;;;;;;;2001
Harps Of Gold;;95;190;-12.2;291169;06-11-2009;;;;;;;;;2009
Crazy Arms;Country music;128.8;163;-13.2;291474;03-03-2009;;;;;;;;Gmaj;2009
Do You Hear What I Hear?;;144.1;262;-9.3;291708;21-11-2011;;;;;;;;Cmaj;2011
A Sorta Fairytale;Pop rock;153;330;-12.3;291713;18-12-2006;;;;;;;;;2006
Coney Island;Celtic music;132.938;123;-14.1;291746;28-01-2008;;;;;;;;;2008
The Song Remembers When;Country music;159;234;-11.4;291947;11-09-2007;;;;;;;;Fmaj;2007
Just Let Me Be In Love;Country music;96;226;-11.2;292015;25-02-2008;;;;;;;;Dmin;2008
Without A Song;;119.837;168;-17;292040;20-09-2001;;;;;;;;;2001
Big Rock Candy Mountain;;115;102;-22.2;292161;26-08-2011;;;;;;;;Emaj;2011
Please Stay;;97.5;223;-11.3;292229;12-11-2010;;;;;;;;;2010
Don't Love You;Art rock;99.9;332;-11.6;292310;07-06-2004;;;;;;;;;2004
Hey Mr. DJ;Rhythm and blues;104.403;229;-11.1;292371;22-10-2007;Blues;;;;;;;;2007
My Funny Valentine;;118.125;157;-19;292372;16-02-2011;;;;;;;;;2011
Fly Low Carrion Crow;Indie rock;94.8;236;-12.3;292420;24-09-2007;Lo-fi music;;;;;;;Gmin;2007
2 Hearts;Hard rock;115;313;-11;292732;15-02-2007;Neo-progressive rock;;;;;;;;2007
Summer Breeze;Soft rock;126;289;-11.8;292736;01-01-1997;Soul music;;;;;;;Amaj;1997
Dweller On The Threshold;Celtic music;102.336;289;-11.4;292772;22-10-2007;Jazz;;;;;;;;2007
How Insensitive;Bossa nova;109;263;-16.5;292777;14-10-1997;;;;;;;;;1997
Rags To Riches;;78;159;-12.4;292801;22-10-2012;;;;;;;;;2012
Obvious;Pop music;164;209;-10.7;293007;03-11-2003;;;;;;;;;2003
A Nightingale Sang In Berkeley Square;;101;175;-16.4;293034;30-10-2006;;;;;;;;;2006
Wie Wir Waren;Popmusik;119;220;-9;293057;16-03-2012;;;;;;;;Abmaj;2012
Wie Wir Waren (Demoversion);Popmusik;119;220;-9;293057;16-03-2012;;;;;;;;Abmaj;2012
They Don't Know;Pop music;113;179;-13.4;293127;01-06-2004;;;;;;;;;2004
Do Something To Me;Rock music;122;149;-8;293246;07-12-2009;;;;;;;;;2009
Sweet Little Jesus Boy;;113;162;-17.7;293309;13-09-1994;;;;;;;;Bbmaj;1994
Let It Snow Let It Snow Let It Snow;;137;146;;293309;13-09-1994;;;;;;;;Dmin;1994
The Christmas Song (Chestnuts Roasting On An Open Fire);Pop music;127;238;;293309;18-03-1999;Jazz;Christmas music;;;;;;Amin;1999
Rags To Riches;;117;158;-13.7;293334;01-01-1980;;;;;;;;;1980
The Best Is Yet To Come;Traditional pop music;132;218;-11.2;293430;22-10-2012;Jazz;;;;;;;;2012
The Good Life;Emo;136;257;-8.3;293439;24-09-1996;Power pop;Alternative rock;;;;;;;1996
Hark The Herald Angels Sing;;96;113;-12.1;293610;07-12-2010;;;;;;;;;2010
Cool Vibes;Gothic rock;126;182;-9.3;293747;18-12-2014;Hard rock;Pop rock;;;;;;;2014
Trembling Of The Rose;Indie rock;86.5;312;-14.5;293785;24-09-2007;Lo-fi music;;;;;;;Gmaj;2007
Shutterbug;;162;256;-8.2;293810;01-02-1997;;;;;;;;Dmin;1997
Strange Little Girl;;119;229;-12.6;293870;17-09-2001;;;;;;;;;2001
Dog Days Are Over;Art rock;149;213;-8.4;293960;01-07-2011;Indie rock;Soul music;Baroque pop;;;;;;2011
Poppy;Art rock;114.8;367;-9.6;294107;07-06-2004;;;;;;;;;2004
Fly Me To The Moon;Traditional pop music;118;150;-11;294132;08-11-2004;Bossa nova;;;;;;;;2004
Beautiful Girls;Hard rock;100;236;-8.4;294208;18-09-2009;;;;;;;;;2009
Diane Young;Indie rock;179.8;160;-8.5;294354;19-12-2014;;;;;;;;Dbmin;2014
Gimme Some Lovin';Blue-eyed soul;129;542;-14.9;294421;11-08-2008;;;;;;;;;2008
Do You Believe Me Now;Country music;144.6;215;-16.9;294439;31-08-1993;;;;;;;;Fmin;1993
I Don't Like Mondays;New wave music;110;260;-12.2;294522;17-09-2001;Baroque pop;;;;;;;;2001
The Keeper Of The Stars;Country music;153;256;-13.4;294562;20-11-2001;;;;;;;;Dbmaj;2001
Go West;Disco;124.5;217;-10.4;294565;01-10-2013;;;;;;;;;2013
Walkaway Joe;Country music;114;260;-13.7;294640;11-09-2007;;;;;;;;Cmaj;2007
I Saw Mommy Kissing Santa Claus;;142.1;219;-9.4;294697;01-01-2006;;;;;;;;Abmaj;2006
Everybody Wants Some!!;Hard rock;144;510;-10.7;294727;27-03-2015;;;;;;;;;2015
The Shadow Of Your Smile;;112;217;-16.9;294757;18-08-1997;;;;;;;;;1997
Smile;;112;217;-16.9;294757;18-08-1997;;;;;;;;;1997
Humpty Dumpty;;114;171;-14.9;294800;10-04-2015;;;;;;;;;2015
Bop Bop Baby;Pop music;118.1;262;-8.7;294813;12-11-2001;;;;;;;;;2001
When Love Comes To Town;Blues rock;115;252;-10.9;294900;07-10-2014;;;;;;;;;2014
Everybody Wants Some!!;Hard rock;143;308;-10.1;294978;18-09-2009;;;;;;;;;2009
All Gold Everything;Hip hop music;99.9;279;-11.4;295072;29-01-2013;;;;;;;;;2013
I'll Be Over You;Soft rock;174.446;149;-10.5;295086;0000-00-00;;;;;;;;;
Bottom Of Your Soul;Soft rock;189.65;424;-9.7;295086;0000-00-00;Progressive rock;World music;;;;;;;
Happy Trails;Folk music;95;65;-9;295118;01-01-1982;Country music;Theme music;;;;;;;1982
Old Devil Moon;Jazz;98.4;147;-12.3;295256;01-12-2008;;;;;;;;;2008
Last Night When We Were Young;;95;145;-16.3;295462;30-10-2006;;;;;;;;;2006
Burt Bacharach & Tony Middleton:My Little Red Book;Proto-punk;161;296;-12.9;295642;30-09-2016;Garage rock;;;;;;;;2016
Feelin' Alright?;Folk rock;190;258;-14.2;295758;28-10-2014;;;;;;;;;2014
Everyone;Rhythm and blues;105;212;-13.9;295847;18-10-2013;;;;;;;;;2013
Pop Ya Collar;Contemporary R&B;107;219;-10.4;295880;10-07-2001;;;;;;;;;2001
You Belong To Me;;108;182;-10.2;296004;21-11-2003;;;;;;;;;2003
Watermelon Crawl;Country music;136;181;-9.4;296168;05-03-2005;;;;;;;;Dmin;2005
Not Such An Innocent Girl;;202;199;-8.6;296276;28-09-2001;;;;;;;;Dbmin;2001
Where Have All The Good Times Gone!;Rock music;122.3;184;-8.1;296508;01-01-1982;;;;;;;;;1982
Look Of Love;Pop music;97;198;-14.6;296542;26-02-2007;Jazz;;;;;;;Amin;2007
Orange Blossom Special;Bluegrass music;145;337;-8.5;296571;10-01-2015;;;;;;;;;2015
I See It Now;Country music;91;216;-8.8;296574;18-10-2005;;;;;;;;Fmaj;2005
Ten Rounds With Jose Cuervo;Country music;126;182;-11.5;296666;25-02-2008;;;;;;;;Dmaj;2008
This Is Who I Am;Electropop;146;204;-5.8;296779;09-10-2009;Dance-pop;Pop rock;;;;;;Dmaj;2009
This Is Who I Am (Macho Psycho Euro Tech Remix);Electropop;146;204;-5.8;296779;09-10-2009;Dance-pop;Pop rock;;;;;;Dmaj;2009
T.B. Sheets;Rock music;173;574;-15.7;296783;16-08-2004;;;;;;;;;2004
Have Yourself A Merry Little Christmas;;132;182;-14.7;296795;24-08-2004;;;;;;;;;2004
Number One Blind;Grunge;104;223;-13;296812;11-10-1994;Alternative rock;;;;;;;;1994
Staring At The Sun;Alternative rock;140;288;-10.7;296861;31-10-2002;;;;;;;;;2002
Summertime In England;Jazz;116;940;-16.1;297049;18-01-2005;Rhythm and blues;;;;;;;;2005
Rainy Night In Georgia;Soul music;124;349;-13.2;297060;17-02-2009;Rhythm and blues;;;;;;;Cmaj;2009
Call Me A Mack;Rhythm and blues;91;246;-14.5;297060;29-06-1993;New jack swing;;;;;;;;1993
China In Your Hand;Pop music;142;245;-8.5;297061;29-05-2008;;;;;;;;;2008
Do You Really Want To Hurt Me;New wave music;106;289;-15.5;297253;17-12-2007;Blue-eyed soul;Reggae;;;;;;Gmaj;2007
That Just About Does It;Country music;102.1;239;-17.5;297278;31-08-1993;;;;;;;;Bbmin;1993
Caravan;Rhythm and blues;164;300;-14.5;297433;18-10-2013;;;;;;;;;2013
Muddy Water;Country music;130.8;234;-8.3;297531;24-11-2008;;;;;;;;Gmaj;2008
If;Soft rock;92;162;-12.2;297563;17-11-2006;Folk rock;;;;;;;;2006
Lifestyles Of The Not So Rich And Famous;Country music;138;172;-14.3;297573;14-07-2009;;;;;;;;B;2009
Bliss;Baroque pop;114;222;-11.7;297609;28-06-2005;Electronic music;Alternative rock;;;;;;;2005
Cleopatra;Alternative rock;118;191;-7.9;297630;0000-00-00;Power pop;;;;;;;;
Slave New World;Thrash metal;96;178;-7.4;297636;03-08-2011;Groove metal;;;;;;;Dmaj;2011
In The Garden;Celtic music;139.675;347;-13;297654;22-10-2007;Folk rock;Jazz;;;;;;;2007
How About You-April In Paris;Jazz;129;158;-19.1;297706;14-10-1997;;;;;;;;;1997
Call Me Irresponsible;;108;204;-14.9;297819;30-10-2006;;;;;;;;;2006
What About Now;Pop rock;162.1;250;-6.4;297942;23-10-2009;Alternative rock;;;;;;;;2009
Up The Country;Lo-fi music;116.1;367;-10.4;297999;19-06-2007;Indie rock;;;;;;;Cmaj;2007
It Had To Be You;Pop music;99.1457;178;-16.8;298137;20-09-2001;;;;;;;;;2001
I'll Be Seeing You;;143;176;;298137;30-10-2006;;;;;;;;;2006
Lost In The Stars;;99.1457;205;-14.8;298137;20-09-2001;;;;;;;;;2001
Bewitched Bothered And Bewildered;;74;154;;298137;16-04-2010;;;;;;;;;2010
Man That Got Away;;95;233;-18.5;298137;14-11-2016;;;;;;;;;2016
Ain't Misbehavin';Folk jazz;87;161;-15.4;298137;25-09-2007;Stride (music);Country music;Dixieland;;;;;;2007
Speak Low;;120;127;;298137;30-10-2006;;;;;;;;;2006
It Had To Be You;Pop music;110;194;-16.4;298137;25-09-2007;;;;;;;;;2007
Cold Cold Heart;Honky-tonk;99;163;-12;298137;30-10-2006;Country music;Blues;;;;;;;2006
Sing You Sinners;;88.9113;134;-15.9;298137;08-02-2017;;;;;;;;;2017
In The Middle Of An Island;;138.737;130;-14.3;298137;20-09-2001;;;;;;;;;2001
She;Rock music;168;121;-13.7;298218;04-06-2002;;;;;;;;;2002
Tommy James And The Shondells:She;Rock music;168;121;-13.7;298218;04-06-2002;;;;;;;;;2002
An Cat Dubh;Post-punk;113;286;-11.5;298298;21-07-2008;Rock music;;;;;;;;2008
She Moved Through The Fair;;127.212;284;-15.6;298368;28-08-2015;;;;;;;;;2015
Season Of The Witch;Acid rock;137;539;-16.5;298427;22-08-2006;Psychedelic rock;;;;;;;;2006
Cleaning Windows;Jazz;123.784;225;-11.7;298473;27-06-2008;Celtic music;;;;;;;;2008
Taking A Chance On Love;;152.56;130;-14.8;298512;20-09-2001;;;;;;;;;2001
Bedtime;Contemporary R&B;159;423;-13.6;298580;01-01-1999;;;;;;;;;1999
Gloria;Synthpop;131;262;-6.4;298591;01-05-1989;Pop music;Disco;Italo disco;Hi-NRG;Dance music;House music;;Emaj;1989
Gloria (Italiano);Synthpop;131;262;-6.4;298591;01-05-1989;Pop music;Disco;Italo disco;Hi-NRG;Dance music;House music;;Emaj;1989
Every Time We Say Goodbye;;78;189;-11.8;298618;25-09-2007;;;;;;;;;2007
The Greatest Man That Ever Lived (Variations On A Shaker Hymn);Power pop;152;352;-10.9;298619;23-06-2008;Alternative rock;Progressive rock;;;;;;;2008
Way Down Deep;Country music;98;165;-11.4;298749;14-08-1990;;;;;;;;Bmin;1990
Amazing;Pop music;97;168;-7.9;298913;19-05-2003;;;;;;;;;2003
This Old Man;;140;105;-16.1;298928;18-12-2006;;;;;;;;;2006
If The Good Die Young;Country music;156;147;-11.6;298943;10-07-2007;;;;;;;;Emin;2007
Whatever Will Be;Soft rock;136;227;-9.4;298979;01-04-2009;;;;;;;;;2009
I See It Now;Country music;91;216;-11.1;299020;10-07-2007;;;;;;;;Fmaj;2007
Lullaby Of Broadway;;103;140;-16.6;299110;14-10-1997;;;;;;;;;1997
Think Of You;Contemporary R&B;95;134;-15.3;299117;01-01-1999;Hip hop soul;;;;;;;;1999
Bury Me Alive;Gothic metal;119;286;-7.6;299151;02-02-2010;;;;;;;;;2010
Sommersprossen;Neue Deutsche Welle;137.812;241;-8.4;299165;20-04-2012;;;;;;;;;2012
Enrique Iglesias:Dirty Dancer;Electronic dance music;132;245;-8.6;299198;19-06-2011;Electro house;Dance-pop;;;;;;;2011
Enrique Iglesias & Usher:Dirty Dancer;Electronic dance music;132;245;-8.6;299198;19-06-2011;Electro house;Dance-pop;;;;;;;2011
We Wish You A Merry Christmas;;149;84;-7;299293;19-12-2008;;;;;;;;;2008
Everything About You;;124;253;-11;299371;16-07-2007;;;;;;;;Dbmaj;2007
Last Night On Earth;Alternative rock;116;285;-11.1;299379;03-03-1997;;;;;;;;;1997
Satellite Of Love;Alternative rock;99;240;-12.4;299379;14-07-2009;Glam rock;Art rock;;;;;;;2009
Draggin' The Line;Psychedelic rock;115;166;-13.7;299458;04-06-2002;Rock music;;;;;;;;2002
I'll Wait;;115;282;-9.2;299459;14-05-2007;;;;;;;;;2007
Watermelon Crawl;Country music;136.9;183;-14.2;299475;14-07-2009;;;;;;;;Dmin;2009
1000 Oceans;Electronic music;136;258;-13;299519;18-12-2006;Baroque pop;Alternative rock;;;;;;;2006
Slow Burnin' Memory;Country music;118;186;-13.9;299577;14-08-1990;;;;;;;;Bbmaj;1990
My Baby's Gone;Indie rock;175.2;355;-9.9;299606;24-09-2007;Lo-fi music;;;;;;;Bmaj;2007
Hard To Handle;Soul music;105;173;-14.4;299612;20-11-2007;;;;;;;;Amaj;2007
She's In Love With The Boy;Country music;124;245;-9.5;299631;15-01-2008;;;;;;;;Ebmaj;2008
I Wanna Be Around;;82;181;-10.1;299687;22-10-2012;;;;;;;;;2012
Raining Blood;Thrash metal;146;382;-9.6;299711;17-09-2001;;;;;;;;;2001
Get Silly;Snap music;149;228;-8.8;299797;11-12-2007;;;;;;;;;2007
Woki Mit Deim Popo;Hip hop music;120;177;-6.6;299846;05-12-2011;;;;;;;;;2011
Gloria;Synthpop;131;302;-18.7;299876;08-11-1988;Pop music;Disco;Italo disco;Hi-NRG;Dance music;House music;;Emaj;1988
Season Of The Witch;Acid rock;133;467;-15.5;299894;31-12-1991;Psychedelic rock;;;;;;;;1991
Rainbow Connection;;104;240;-10.1;299924;23-08-2011;;;;;;;;;2011
Anna;Rocksong;147;210;-11.3;299959;21-02-2000;;;;;;;;;2000
The Rose;Pop music;128;220;-11.7;299964;13-11-2006;Celtic rock;Adult contemporary music;Country music;;;;;;2006
Won't Get Fooled Again;Hard rock;136;341;-10.8;300040;23-02-1993;;;;;;;;;1993
She's Not There;Pop rock;100;298;-17.2;300049;23-08-2005;Beat music;Jazz fusion;;;;;;;2005
Easy;Soul music;130;266;-9.7;300419;13-11-2006;Pop music;;;;;;;;2006
Blues In The Night;;84;212;-16.3;300504;04-09-2006;;;;;;;;;2006
A Celebration;Post-punk;150;177;-11.5;300653;21-07-2008;Rock music;;;;;;;;2008
Immigrant Song;Viking metal;109.1;200;-6.8;300713;31-08-2009;Hard rock;;;;;;;;2009
Gloria;Rock music;144;252;-11.3;300778;21-07-2008;Post-punk;;;;;;;;2008
Today My World Slipped Away;Country music;142.1;185;-19.2;300780;01-01-2008;;;;;;;;Cmaj;2008
Chicago (That Toddling Town);;118.8;124;-10.8;300882;01-01-1999;;;;;;;;;1999
Seems Like Home To Me;Lo-fi music;114.8;227;-8.1;301020;19-06-2007;Indie rock;;;;;;;Bmin;2007
September Song;;131.2;231;-12.9;301031;24-09-2001;;;;;;;;;2001
Great Is Thy Faithfulness;;160.2;221;-10.6;301048;03-08-2004;;;;;;;;;2004
Big Log;Blues rock;164;305;-15.5;301108;03-02-2004;;;;;;;;Gmaj;2004
He's A Whore;Hard rock;159;169;-5.9;301241;04-06-2010;Power pop;;;;;;;Amin;2010
Who Can I Turn To (When Nobody Needs Me);;143;231;-12.4;301327;22-10-2012;;;;;;;;;2012
Humans Being;Hard rock;124;307;-9;301387;07-05-1996;;;;;;;;;1996
Mony Mony;New wave music;129;174;-14.2;301561;08-02-2005;Power pop;Hard rock;Rock music;;;;;;2005
Tommy James And The Shondells:Mony Mony;New wave music;129;174;-14.2;301561;08-02-2005;Power pop;Hard rock;Rock music;;;;;;2005
Tattoo;Hard rock;103;272;-9.2;301589;27-03-2015;;;;;;;;;2015
Without You;Hard rock;96;390;-9.6;301725;17-03-1998;;;;;;;;;1998
The Fly;Industrial rock;108;275;-9.4;301778;31-10-2002;Alternative rock;Alternative dance;;;;;;;2002
Who Can I Turn To (When Nobody Needs Me);;102.1;175;-14.5;301788;30-10-2006;;;;;;;;;2006
Big Wheel;Alternative rock;94;198;-12.5;301795;26-04-2007;Pop rock;;;;;;;;2007
Lover's Day;Art rock;119.8;354;-9.3;301801;21-09-2008;Alternative rock;Indie rock;;;;;;;2008
Hole In My Shoe;Psychedelic pop;101;169;-9.7;301867;19-11-2007;;;;;;;;Gmaj;2007
Fortunate Son;Hard rock;137;159;-10.9;301880;14-07-2009;Rock and roll;;;;;;;;2009
These Dreams Of You;Country rock;122;242;-13.7;301904;18-10-2013;Rhythm and blues;;;;;;;;2013
Como Una Paloma Herida;Pop music;124.9;152;-9.7;301959;12-08-2003;;;;;;;;;2003
The Way You Look Tonight;Traditional pop music;110.2;246;-12.3;301966;10-12-2005;;;;;;;;;2005
Ti Amo;Adult contemporary music;106;238;-23.2;301975;06-09-2005;Pop music;;;;;;;Cmaj;2005
Panama;Hard rock;140;212;-8.4;302112;14-05-2007;Glam metal;;;;;;;;2007
Swing;Country music;107;216;-8.3;302182;15-08-2006;;;;;;;;;2006
Cul De Sac;Folk rock;94.6081;173;-14.2;302200;30-06-2008;;;;;;;;;2008
Right Now;Hard rock;187;322;-8;302222;14-05-2007;;;;;;;;;2007
Butterfly Kisses;Country music;82;275;-10.8;302288;17-11-2006;;;;;;;;;2006
God;Alternative rock;151;232;-9.7;302322;17-11-2003;;;;;;;;;2003
Taking A Chance On Love;;174.4;115;-11.4;302576;04-09-2006;;;;;;;;;2006
Hole In My Shoe;Psychedelic pop;101;181;-12.8;302596;25-10-1999;;;;;;;;;1999
Miss Sun;;100.1;304;-12.5;302800;08-12-1998;;;;;;;;;1998
Ain't No Sunshine;Rhythm and blues;111.1;141;-11.4;302838;01-01-2005;Blues;Soul music;;;;;;Amin;2005
Cornflake Girl;Alternative rock;133;391;-13.8;302854;01-01-1999;Baroque pop;;;;;;;;1999
Tony Bennett & K.d. Lang:Dream A Little Dream Of Me;;81;233;-13.8;302860;01-03-2004;;;;;;;;Amin;2004
Fly On The Wings Of Love;;140;239;-8.9;303094;18-11-2002;;;;;;;;;2002
Happiness Is A Warm Gun;Hard rock;136;595;-10.6;303138;17-09-2001;Progressive rock;Blues rock;;;;;;;2001
Demais;Pop music;89.7;221;-13.8;303140;;;;;;;;;;
Lonely Girl;Power pop;133;169;-6.9;303140;03-10-2014;Alternative rock;;;;;;;;2014
Stranger In Paradise;;84;183;-11.6;303142;10-12-2007;;;;;;;;;2007
Day Tripper;Rock music;107;422;-9;303219;13-09-1999;;;;;;;;B;1999
Top Of The World;Hard rock;128;234;-7.1;303297;14-05-2007;;;;;;;;;2007
Pitbull:Go Girl;Feminism;114.8;230;-9.3;303315;27-11-2007;Crunk;Electronic music;Hip house;;;;;;2007
Slim Slow Slider;Folk rock;134;197;-22.8;303534;01-11-1968;;;;;;;;;1968
This Ain't My First Rodeo;Country music;166;184;-16.6;303616;31-08-1993;;;;;;;;Bbmin;1993
Sonderzug Nach Pankow;;164;219;-7.4;303700;29-09-2003;;;;;;;;Fmaj;2003
Today's Lonely Fool;Country music;160;229;-10.9;303710;10-07-2007;;;;;;;;Dmaj;2007
Back Street Affair;;126;167;-15.4;303736;26-02-2016;;;;;;;;;2016
Slowly;;116;149;-16;303736;26-02-2016;;;;;;;;;2016
More And More;;116;128;-14.7;303736;26-02-2016;;;;;;;;;2016
In The Jailhouse Now;Country music;157;129;-13.9;303736;14-04-2008;;;;;;;;Dmaj;2008
Little Guitars;Hard rock;148;227;-7.6;303762;14-04-1982;;;;;;;;;1982
Midnight Special;;109.7;171;-14;303855;01-01-1991;;;;;;;;;1991
And The Healing Has Begun;Celtic music;131.25;482;-12.6;303929;28-01-2008;Pop rock;Folk rock;;;;;;;2008
The Way You Look Tonight;Traditional pop music;120;242;-12.5;304036;22-10-2012;;;;;;;;;2012
Ti Amo;Adult contemporary music;92.1;269;-9;304092;06-02-2009;Pop music;;;;;;;Amaj;2009
Steppin' Out With My Baby;Jazz;170.1;173;-16.7;304118;05-10-1993;;;;;;;;;1993
Come Running;;195;151;-13.1;304123;18-10-2013;;;;;;;;;2013
Your Love;Pop rock;140;190;-10.1;304139;31-01-2007;Power pop;;;;;;;;2007
I Wanna Rock;Heavy metal music;106;185;-6.4;304224;05-12-2006;Glam metal;;;;;;;A;2006
Raglan Road;Music of Ireland;122.682;296;-14.3;304334;28-08-2015;Folk music;;;;;;;;2015
Astronomy Domine;Psychedelic rock;168;347;-9.3;304349;25-08-2000;Space rock;;;;;;;Emaj;2000
A Nightingale Sang In Berkeley Square;;93;235;-18.3;304496;17-05-2004;;;;;;;;;2004
Gloria;Synthpop;130;299;-10.4;304763;02-03-2001;Pop music;Disco;Italo disco;Hi-NRG;Dance music;House music;;Emaj;2001
Don't Make Me Come To Vegas;Dance music;97;291;-9.1;304766;01-01-2001;;;;;;;;;2001
Black And Blue;Rock music;99;327;-8.2;304868;14-05-2007;Hard rock;;;;;;;;2007
And The Cradle Will Rock...;Hard rock;113;224;-8.7;304906;27-03-2015;;;;;;;;;2015
You Were On My Mind;Pop rock;142;155;-12;305011;23-02-2010;;;;;;;;;2010
My Favorite Things;;139;197;-13.1;305148;30-10-2006;;;;;;;;;2006
So This Is Love?;Hard rock;159;185;-9;305315;18-09-2009;Heavy metal music;;;;;;;;2009
Could You Be Loved;Rock music;103.4;230;-10.4;305381;03-03-2003;Disco;Reggae;;;;;;;2003
Put Your Hand In Mine;Country music;146.1;272;-11.9;305404;02-11-1999;;;;;;;;Fmaj;1999
While My Guitar Gently Weeps;Rock music;109.086;345;-11.3;305495;11-06-2009;;;;;;;;;2009
I Got You Babe;Heavy metal music;173;188;-9.3;305495;26-10-1987;Pop music;Baroque pop;Synthpop;Reggae;Rock music;Dub (music);;;1987
Turn! Turn! Turn! (To Everything There Is A Season);Folk rock;120.2;185;-17;305558;01-01-2008;;;;;;;;Dbmaj;2008
I Do!!;Contemporary R&B;99;288;-9.8;305572;09-07-2001;;;;;;;;;2001
How Long Has This Been Going On?;Jazz;73.8281;229;-14.5;305712;28-08-2015;;;;;;;;;2015
Built To Fall;Heavy metal music;144;188;-6.9;305741;03-08-2011;;;;;;;;Dbmin;2011
Street Of Dreams;Jazz;91;133;;305814;10-02-2010;;;;;;;;;2010
Runnin' Behind;Country music;144;174;-12.3;305827;29-10-1991;;;;;;;;Emaj;1991
Entrance Of The Conflagration;Thrash metal;99;275;-6.7;305846;01-01-2006;Speed metal;;;;;;;Emin;2006
Mystery Train;Rockabilly;108.23;235;-9.5;305857;16-01-2009;Memphis blues;Blues;Electric blues;;;;;;2009
If I Ruled The World;;124;180;-12.1;305900;30-10-2006;;;;;;;;;2006
Take On Me;New wave music;140;285;-7.4;305910;24-09-2010;Ska punk;Dance-pop;Synthpop;;;;;;2010
I Got Erection;Heavy metal music;147;126;-11.2;305928;05-06-2007;Punk rock;Hard rock;Rock music;;;;;Bmin;2007
Staring At The Sun;Indie rock;119;205;-10;305953;28-06-2004;;;;;;;;;2004
Mr. Mysterious;Pop rock;119;240;-6.3;306021;06-11-2009;Electropop;Dance-pop;;;;;;Fmaj;2009
Love Walks In;Rock music;176;314;-12.2;306088;23-02-1993;;;;;;;;;1993
Numb;;124;225;-8.5;306217;08-06-2012;;;;;;;;;2012
Romeo Delight;Heavy metal music;106;259;-10.2;306217;18-09-2009;;;;;;;;;2009
When It's Love;Sentimental ballad;99;338;-8.4;306217;14-05-2007;;;;;;;;;2007
Mack The Knife;Jazz;166;188;-9.3;306236;08-11-2004;Pop music;;;;;;;;2004
Angie;Soft rock;135.6;265;-17.2;306285;01-03-2009;;;;;;;;;2009
Because Of You;;108.2;177;-10.5;306346;30-10-2006;;;;;;;;;2006
Irish Heartbeat;Celtic music;174.446;231;-12.3;306364;22-10-2007;;;;;;;;;2007
Dreams;Art rock;129.6;309;-9.8;306450;07-06-2004;;;;;;;;;2004
Winter Wonderland;Pop music;126;149;-11.3;306457;17-11-2008;Christmas music;;;;;;;;2008
New York State Of Mind;Pop rock;170;269;-13.8;306479;04-09-2006;;;;;;;;;2006
Honeysuckle Rose;Jazz;104;175;-18;306563;30-10-1995;;;;;;;;;1995
Please Come Home For Christmas;Rhythm and blues;121.243;122;-5.4;306594;30-10-2015;Christmas music;Blues;Pop music;Rock music;;;;;2015
Total Eclipse Of The Heart;Hi-NRG;131.7;279;-9.1;306617;13-11-2006;;;;;;;;;2006
Little Walter;Contemporary R&B;107;289;-10.2;306639;14-08-2001;;;;;;;;;2001
Wrong Side Of Memphis;Country music;141;167;-11.2;306641;11-09-2007;;;;;;;;Dmaj;2007
Star Of The County Down;;181;162;-13.3;306645;28-08-2015;;;;;;;;;2015
White Houses;Piano;135;224;-10.2;306677;09-11-2004;;;;;;;;Cmin;2004
Carrying A Torch;Folk rock;144.1;293;-11.7;306715;13-03-2015;;;;;;;;;2015
Georgia Rain;Country music;99;311;-9.5;306737;12-05-2008;;;;;;;;Bbmaj;2008
Hi-Heel Sneakers;Blues;168;169;-13.2;306788;12-09-2005;;;;;;;;;2005
Queen Of My Heart;Pop music;109;259;-9;306836;12-11-2001;;;;;;;;;2001
Vanlose Stairway;Celtic music;112.961;252;-14.4;306897;22-10-2007;;;;;;;;;2007
The Keeper Of The Stars;Country music;78;247;-15.9;306992;21-06-2002;;;;;;;;Dmaj;2002
Euphoria;;128;260;-7.3;307008;08-06-2012;;;;;;;;;2012
Brown Eyed Girl;Rock music;149;183;-11.1;307095;07-03-2008;British rhythm and blues;;;;;;;;2008
Shine;Pop music;91.1;236;-10.7;307100;01-01-2000;;;;;;;;Emaj;2000
Miss Meri;Indie rock;157.8;198;-8.4;307171;24-09-2007;Lo-fi music;;;;;;;Bmin;2007
Ball Of Fire;Rock music;153;187;-14.5;307248;04-06-2002;;;;;;;;;2002
Tommy James And The Shondells:Ball Of Fire;Rock music;153;187;-14.5;307248;04-06-2002;;;;;;;;;2002
Holly Holy;Rock music;99;215;-10.9;307312;20-10-1998;Popular music;;;;;;;;1998
Runnin' With The Devil;Traditional heavy metal;95;216;-8.3;307399;14-05-2007;;;;;;;;;2007
Sleeps With Butterflies;Baroque pop;149.8;215;-11.8;307475;07-11-2005;;;;;;;;;2005
Silent All These Years;Pop rock;127;249;-10.6;307489;17-11-2003;;;;;;;;;2003
Ti Amo;Adult contemporary music;186;242;-9.3;307523;10-09-2002;Pop music;;;;;;;Amaj;2002
I Will Follow;Post-punk;147;232;-9.8;307580;21-07-2008;Rock music;;;;;;;;2008
Talula;Baroque pop;169;248;-12.7;307619;18-11-2016;Alternative rock;Electronica;;;;;;;2016
Putting The Damage On;Baroque pop;107;310;-17.5;307619;21-06-2005;;;;;;;;;2005
Amazing Grace;;133;409;-17.1;307619;12-10-2016;;;;;;;;;2016
Sweet The Sting;Soul music;89.9;254;-12.4;307632;21-02-2005;Rock music;;;;;;;;2005
Dope Nose;Pop punk;128;136;-6.8;307639;07-05-2002;Power pop;;;;;;;;2002
Hey Whatever;Pop music;154;209;-7.5;307730;07-11-2003;;;;;;;;;2003
One Way To Rock;Hard rock;154;298;-10.9;307807;23-02-1993;;;;;;;;;1993
The Best Is Yet To Come;Traditional pop music;120.888;152;-19.3;307831;30-10-2006;Jazz;;;;;;;;2006
The Weight;Funk;142;270;-9.9;307898;23-06-2008;Folk rock;Soul music;Pop music;Roots rock;;;;;2008
Steppin' Out With My Baby;Jazz;104;122;-12.7;307980;22-10-2012;;;;;;;;;2012
Mofo;Techno;120;347;-8.8;307994;03-03-1997;Alternative rock;;;;;;;;1997
Redwood Tree;Rhythm and blues;121.243;185;-13.1;308120;28-08-2015;Folk rock;;;;;;;;2015
My Foolish Heart;;128;287;-16.2;308168;21-12-2010;;;;;;;;;2010
Streets Of Arklow;Folk rock;119.146;262;-12;308181;22-10-2007;;;;;;;;;2007
Madame George;Folk rock;132.512;523;-13.7;308208;28-08-2015;;;;;;;;;2015
Crocodile;;124;390;-12.5;308209;14-10-2007;;;;;;;;;2007
If You're Gonna Do Me Wrong (Do It Right);Country music;146;209;-13.3;308240;14-08-1990;;;;;;;;Emaj;1990
Moonshine Whiskey;Country rock;118;411;-13.2;308244;10-06-2016;Soul music;;;;;;;;2016
Ivory Tower;Folk rock;135.553;213;-10.7;308432;28-08-2015;Celtic music;;;;;;;;2015
Dreamin';Alternative rock;123;309;-9.2;308489;23-06-2008;;;;;;;;;2008
Spin;Dance-rock;99.9;186;-11.3;308654;24-02-2003;Soul music;;;;;;;Dbmaj;2003
If The World Had A Front Porch;Country music;162;184;-8.9;308670;18-10-2005;;;;;;;;Fmaj;2005
Climb Ev'ry Mountain;;93.1166;141;-10.4;308724;30-10-2006;;;;;;;;;2006
Ribbons Round My Tongue;Indie rock;89.9;306;-13.8;308765;24-09-2007;Lo-fi music;;;;;;;Emaj;2007
I Left My Heart In San Francisco;Traditional pop music;132;154;-14.3;308768;24-08-2006;;;;;;;;;2006
Night And Day;;111;215;-14.8;308798;30-10-2006;;;;;;;;;2006
You Make Me Feel So Free;Celtic music;102.336;193;-11;308808;27-06-2008;Folk rock;Pop rock;;;;;;;2008
You Really Got Me-Cabo Wabo;Heavy metal music;137;478;-11.6;308831;23-02-1993;Garage rock;Hard rock;;;;;;;1993
My Favorite Things;;93;173;-10.8;308959;17-11-2008;;;;;;;;;2008
Listen To The Lion;Folk rock;147.656;671;-17.8;308975;22-10-2007;Rhythm and blues;;;;;;;;2007
Crimson And Clover;Garage rock;169;332;-14;308980;15-03-2005;Acid rock;Psychedelic pop;Psychedelic rock;;;;;;2005
Precious Time;Rhythm and blues;131.668;228;-9.2;309010;28-01-2008;;;;;;;;;2008
Suffragette City;Hard rock;148;173;-9.1;309022;17-09-2007;Proto-punk;Glam rock;;;;;;Amaj;2007
Sneakernight;Dance-pop;103.9;181;-8.2;309049;08-02-2009;Jazz fusion;;;;;;;;2009
Cornflake Girl;Alternative rock;133;304;-9.8;309050;17-11-2003;Baroque pop;;;;;;;;2003
Turn Back The Hands Of Time;Soul music;118;159;-13.7;309148;04-05-2008;Rhythm and blues;;;;;;;;2008
The Many Ways;Contemporary R&B;153;343;-13;309184;16-06-2008;New jack swing;;;;;;;;2008
Did Ye Get Healed?;Folk rock;152.56;248;-11.2;309301;22-10-2007;Celtic music;;;;;;;;2007
John Barleycorn;;166;382;-13.6;309363;27-08-2007;;;;;;;;;2007
Black Sabbath (From The Satanic Perspective);Heavy metal music;94;464;-13.5;309414;19-08-1996;Doom metal;;;;;;;Amaj;1996
King Eternal;Art rock;134.7;268;-7.9;309518;07-06-2004;;;;;;;;;2004
The Hand That Held Me Down;Indie rock;135.6;332;-8.4;309524;24-09-2007;Lo-fi music;;;;;;;Dbmin;2007
Independent;Southern hip hop;173.7;213;-9.6;309544;01-06-2007;;;;;;;;;2007
Norwegian Wood;Folk rock;184.57;293;-11.5;309651;13-11-2012;Raga rock;;;;;;;;2012
Amsterdam;Hard rock;173;285;-8;309670;24-01-1995;;;;;;;;;1995
Troublemaker;Power pop;130;164;-11.1;309689;23-06-2008;;;;;;;;;2008
Coloured Rain;Psychedelic rock;92;163;-12.6;309753;28-10-2014;;;;;;;;Fmaj;2014
Bouncing Off Clouds;Alternative rock;124;248;-11.6;309894;01-05-2007;Baroque pop;;;;;;;;2007
The Shadow Of Your Smile;;144;272;-14.7;309969;01-01-1980;;;;;;;;;1980
Smile;;144;272;-14.7;309969;01-01-1980;;;;;;;;;1980
Seein' Red;Post-grunge;102;227;-8.9;309992;29-01-2002;Alternative rock;Power pop;;;;;;;2002
Fly Me To The Moon (In Other Words);Traditional pop music;133;176;-14.4;310120;24-08-2006;Bossa nova;;;;;;;;2006
Finish What Ya Started;Hard rock;125;263;-10.1;310165;14-05-2007;;;;;;;;;2007
You Keep Me Hangin' On;Soul music;170;179;-12.5;310177;30-11-2004;Hi-NRG;Acid rock;Country music;New wave music;Hard rock;Psychedelic rock;Pop music;;2004
Have You Ever;;133.8;269;-8.6;310260;02-11-2007;;;;;;;;;2007
Red Roses For A Blue Lady;;109;170;-12.8;310469;19-03-2010;;;;;;;;Gbmaj;2010
Lonely Avenue;Rhythm and blues;115.485;385;-12;310505;28-08-2015;;;;;;;;;2015
Star Of Wonder;;137;230;-11.2;310683;06-11-2009;;;;;;;;;2009
Rauch-Haus-Song;;129.604;219;-12.3;310751;17-11-1972;;;;;;;;;1972
Professional Widow;Alternative rock;127.999;226;-12.1;310751;21-06-2005;Speed garage;;;;;;;;2005
Love Walks In;Rock music;174;311;-8.6;310832;14-05-2007;;;;;;;;;2007
I Left My Heart In San Francisco;Traditional pop music;129.2;171;-15.5;310835;01-06-2014;;;;;;;;;2014
Wonderful Remark;Classic rock;100.106;481;-14.2;310844;28-08-2015;;;;;;;;;2015
Moondance;Smooth jazz;83.5227;439;-13.6;310861;28-08-2015;Rock music;Soft rock;;;;;;;2015
My Name Is Jonas;Alternative rock;186;203;-7.8;310881;23-03-2004;Power pop;;;;;;;;2004
The Unforgettable Fire;Rock music;136;295;-11.3;310914;25-03-2009;Post-punk;;;;;;;;2009
Candida;;127;183;-14.6;310969;22-04-2008;;;;;;;;;2008
Cinnamon Girl;Hard rock;98;235;-9.2;311039;19-08-1996;;;;;;;;Fmaj;1996
Suffragette City;Hard rock;144.1;205;-6.6;311082;24-07-2006;Proto-punk;Glam rock;;;;;;;2006
Dear God;Alternative rock;181;227;-10.4;311113;29-01-2008;Baroque pop;;;;;;;;2008
Fire;Rock music;151;225;-11;311120;21-07-2008;Post-punk;;;;;;;;2008
Spanish Fly;Flamenco;163;61;-17.6;311135;18-09-2009;Instrumental rock;;;;;;;;2009
Bedtime;Contemporary R&B;159;285;-12.4;311155;19-04-2004;;;;;;;;;2004
One Silver Dollar;;120;180;-19.3;311176;08-10-1988;;;;;;;;;1988
Bomb Yourself;Art rock;130;332;-10.4;311303;07-06-2004;;;;;;;;;2004
O Christmas Tree;;108;207;-16.1;311352;17-11-2008;;;;;;;;;2008
Bulbs;Folk rock;177.441;258;-9.6;311378;30-06-2008;;;;;;;;;2008
House Of The Rising Sun;;117;211;-12.9;311397;12-09-1997;;;;;;;;;1997
Big Bad Bill (Is Sweet William Now);;100;164;-10.5;311426;01-01-1982;;;;;;;;;1982
Let It Flow;;168;249;-10.7;311484;05-01-2007;;;;;;;;;2007
Irish Heartbeat;Celtic music;149.255;281;-8.8;311589;27-06-2008;;;;;;;;;2008
Enjoy The Silence;Synthpop;161;249;-15.9;311635;17-09-2001;Dance-pop;;;;;;;;2001
Silver Bells;;131;195;-13.8;311709;17-11-2008;;;;;;;;;2008
Passengers:Miss Sarajevo;Rock music;104;340;-13.8;311710;30-05-2005;Opera;;;;;;;Abmin;2005
A Day Without Me;Post-punk;155;193;-11;311759;21-07-2008;Rock music;;;;;;;;2008
Help Me;Blues;166.709;369;-12.8;311898;27-06-2008;;;;;;;;;2008
(Is This The Way To) Amarillo;Pop music;134;190;-8.7;311944;28-02-2008;;;;;;;;Amaj;2008
Runaround;;130;260;-8.2;311948;14-05-2007;;;;;;;;;2007
Save The Best For Last;;95;219;-13.6;312076;04-02-2008;;;;;;;;;2008
Summer Of '69;Hard rock;139.2;229;-9.6;312086;29-05-2008;Rock music;;;;;;;;2008
There Stands The Glass;Country music;111.7;135;-15.5;312092;01-07-2009;;;;;;;;Ebmin;2009
Believe Me Baby (I Lied);Country music;120;222;-10;312102;11-09-2007;;;;;;;;Bmin;2007
In The Garden;Celtic music;100.838;582;-12.9;312107;27-06-2008;Folk rock;Jazz;;;;;;;2008
Dirty Day;Alternative rock;102;324;-18.5;312132;05-07-1993;;;;;;;;;1993
After Hours;Indie rock;160.2;232;-7.1;312132;23-09-2008;;;;;;;;Emaj;2008
Come On Come In;Hard rock;136;239;-10.7;312169;05-10-2009;;;;;;;;D;2009
Come Saturday Morning;Pop music;130;264;-16.7;312220;29-08-1995;;;;;;;;;1995
The Low Spark Of High Heeled Boys;Jazz fusion;106;704;-10.5;312249;08-10-2001;Progressive rock;;;;;;;Bmin;2001
Paper Sun;Psychedelic pop;133;213;-11.8;312318;25-10-1999;;;;;;;;Fmaj;1999
Reflections Of The Marionette;Indie rock;117.8;342;-9.6;312356;24-09-2007;Lo-fi music;;;;;;;Gbmin;2007
Santa Claus Is Coming To Town;;132;172;-10.8;312377;17-11-2008;;;;;;;;;2008
Cyprus Avenue;Folk rock;132.938;359;-14.2;312404;28-08-2015;;;;;;;;;2015
And The Cradle Will Rock...;Hard rock;107;212;-8.1;312405;14-05-2007;;;;;;;;;2007
Bed Of Nails;Glam metal;145.1;217;-7.2;312407;23-09-2011;Heavy metal music;;;;;;;;2011
Anna;Rocksong;148;280;-15.8;312410;01-01-1996;;;;;;;;;1996
Ticket To Ride;Folk rock;93;356;-10.6;312506;23-08-2005;Power pop;;;;;;;;2005
Orangefield;Celtic music;164.062;232;-12;312532;28-01-2008;;;;;;;;;2008
Till;;84.2032;176;-11.4;312546;07-10-1997;;;;;;;;;1997
Caught A Lite Sneeze;Alternative rock;158;264;-11.7;312659;18-12-2006;Baroque pop;;;;;;;;2006
The Christmas Song;Pop music;110;197;-16.9;312710;07-12-2010;Jazz;Christmas music;;;;;;;2010
Sting & Tony Bennett:Boulevard Of Broken Dreams;;149;201;-14.6;312857;01-01-1980;;;;;;;;;1980
I'm Not In Love;Soft rock;136;339;-16.2;312871;17-09-2001;Trip hop;;;;;;;;2001
Be Thou My Vision;Hymn;106.3;231;-12.2;312889;28-08-2015;;;;;;;;;2015
Stra (Illusions Of My Childhood-Part One) - You Keep Me Hanging On - Wber (Illusions Of My Childhood-Part Two);Soul music;172;445;-14.9;312932;23-08-2005;Hi-NRG;Acid rock;Country music;New wave music;Hard rock;Psychedelic rock;Pop music;;2005
Rags To Riches;;123;83;-17.5;312938;24-08-2006;;;;;;;;;2006
Jump;Arena rock;130;348;-8.6;312987;24-03-2015;Pop rock;Electronic rock;;;;;;;2015
The Deader;Indie rock;167.4;295;-9.2;313036;24-09-2007;Lo-fi music;;;;;;;Cmaj;2007
Nice & Slow;Pop music;134;243;-11.7;313114;01-01-1999;Contemporary R&B;Soul music;;;;;;;1999
You Make Me Wanna...;;123;405;-10.8;313146;01-01-1999;;;;;;;;;1999
Ramble On;Hard rock;98.9;269;-9.6;313155;31-08-2009;Folk rock;;;;;;;;2009
Professional Widow;Alternative rock;138;271;-10.8;313192;13-12-2010;Speed garage;;;;;;;;2010
Window In The Skies;Rock music;91;239;-9.6;313238;08-01-2007;;;;;;;;;2007
The Hustle;Disco;111;242;-16.8;313365;19-11-2007;;;;;;;;;2007
Staring At The Sun;Indie rock;119.837;241;-9.5;313387;06-08-2007;;;;;;;;;2007
Wavelength;Pop rock;148.7;365;-12.8;313399;28-01-2008;;;;;;;;;2008
The Best Is Yet To Come;Traditional pop music;132;219;-12.9;313476;01-01-1980;Jazz;;;;;;;;1980
Walk On By;Pop music;102.6;185;-12.6;313501;01-03-2011;Soul music;Funk;;;;;;;2011
Gloria;Proto-punk;132.1;319;-11.5;313579;28-08-2015;Garage rock;Punk rock;;;;;;;2015
Carrickfergus;;87;265;-15.5;313633;28-08-2015;;;;;;;;;2015
My Kind Of Woman-My Kind Of Man;Country music;86;235;-12.6;313665;01-01-1998;;;;;;;;Fmaj;1998
Little Guitars (Intro);Hard rock;137;42;-14.5;313733;01-01-1982;;;;;;;;;1982
Drinkin' Bone;Country music;110;132;-9.1;313745;05-03-2005;;;;;;;;Fmaj;2005
Little Green Apples;Rhythm and blues;144;238;-15.9;313765;26-02-2007;Soul music;;;;;;;Cmaj;2007
Silent All These Years;Pop rock;118;273;-15.2;313787;07-01-2015;;;;;;;;;2015
In The Air;Electro house;128;196;-9.5;313827;15-10-2014;;;;;;;;;2014
Who's Making Love;Memphis soul;117;192;-11.3;313874;26-02-2007;;;;;;;;Emin;2007
Crystal Blue Persuasion;Blue-eyed soul;99.9;241;-12.7;313883;28-10-2008;;;;;;;;;2008
Tommy James And The Shondells:Crystal Blue Persuasion;Blue-eyed soul;99.9;241;-12.7;313883;28-10-2008;;;;;;;;;2008
I Will Be There;Jazz;135.1;151;-10.4;313926;28-08-2015;;;;;;;;;2015
Make It Nasty;Hip hop music;195;186;-20;314005;;;;;;;;;;
Rainy Night In Georgia;Soul music;170;214;-15.2;314015;20-12-2005;Rhythm and blues;;;;;;;Dmaj;2005
If The World Had A Front Porch;Country music;162;185;-13.3;314058;26-09-2006;;;;;;;;Fmaj;2006
Blue Money;Rhythm and blues;154;228;-19.4;314085;30-06-1975;;;;;;;;;1975
Dance The Night Away;Hard rock;129;188;-8.6;314092;14-05-2007;;;;;;;;;2007
Finish What Ya Started;Hard rock;127;350;-11.6;314116;23-02-1993;;;;;;;;;1993
Sometimes We Cry;Folk rock;145.6;314;-17;314198;30-06-2008;;;;;;;;;2008
Emmanuel;;128;179;-10.9;314243;06-11-2009;;;;;;;;;2009
I Can Tell By The Way You Dance (You're Gonna Love Me Tonight);Country music;112;166;-12.9;314433;14-08-1990;;;;;;;;Ebmaj;1990
World Of Our Own;Pop music;97;211;-8.7;314469;14-10-2002;;;;;;;;;2002
Linus And Lucy;;157;576;-15.6;314501;16-08-2014;;;;;;;;;2014
Lighthouse;Pop music;140.2;262;-8.7;314554;11-11-2011;Pop rock;;;;;;;;2011
Like Light To The Flies;Metalcore;106;340;-7.4;314573;07-03-2005;;;;;;;;Bbmaj;2005
Fly Me To The Moon (In Other Words);Traditional pop music;94.2;240;-13.1;314611;30-10-2006;Bossa nova;;;;;;;;2006
I'll Be Your Everything;Teen pop;144;247;-10.7;314633;02-04-2002;;;;;;;;Fmaj;2002
Putting The Damage On;Baroque pop;102;308;-12.8;314807;17-11-2003;;;;;;;;;2003
Turn Down For What;Trap music;99.9;221;-6.8;314873;17-11-2014;Electronic dance music;;;;;;;;2014
D?tura;Alternative rock;122;506;-13.7;314877;18-12-2006;Baroque pop;Electronic music;;;;;;;2006
Have Yourself A Merry Little Christmas;;106;274;-11.8;314923;17-11-2008;;;;;;;;;2008
Somewhere Over The Rainbow;;116;237;-12.8;314929;22-07-2005;;;;;;;;;2005
Fallen;Hard rock;156;342;-7.1;314944;25-11-2011;;;;;;;;Gmaj;2011
My Lagan Love;;106;320;-16;314967;28-08-2015;;;;;;;;;2015
Tore Down A La Rimbaud;Rock and roll;89.9;246;-11.1;314997;28-01-2008;Celtic music;;;;;;;;2008
I Just Want To Make Love To You;Blues rock;98;400;-9.1;315046;10-02-2016;Chicago blues;Hard rock;Rhythm and blues;;;;;;2016
Listen To The Lion;Folk rock;163;379;-8;315046;10-02-2016;Rhythm and blues;;;;;;;;2016
Cyprus Avenue;Folk rock;150;495;-13.8;315046;10-06-2016;;;;;;;;;2016
Enlightenment;Celtic music;108.2;244;-12.1;315046;30-06-2008;Folk rock;;;;;;;;2008
Why Must I Always Explain?;Folk rock;173;230;-12;315046;28-08-2015;Celtic music;;;;;;;;2015
Brown Eyed Girl (Alternate Take);Rock music;158.405;215;-15.4;315046;21-02-1991;British rhythm and blues;;;;;;;;1991
Midnight Special;;109.957;160;-16.1;315046;03-09-2009;;;;;;;;;2009
Rough God Goes Riding;Folk rock;131.7;374;-12.8;315046;22-10-2007;Rock music;;;;;;;;2007
I Think We're Alone Now;Power pop;129.6;130;-12.8;315154;28-10-2008;Bubblegum pop;Teen pop;Dance-pop;New wave music;Pop rock;Hardcore punk;Synthpop;;2008
Tommy James And The Shondells:I Think We're Alone Now;Power pop;129.6;130;-12.8;315154;28-10-2008;Bubblegum pop;Teen pop;Dance-pop;New wave music;Pop rock;Hardcore punk;Synthpop;;2008
Goin' Down Geneva;Blues;124.9;267;-10.6;315227;28-08-2015;;;;;;;;;2015
Hold The Line;Hard rock;98;644;-12.9;315231;23-07-1993;Rock music;;;;;;;;1993
When Love Comes To Town;Blues rock;115;258;-11.6;315283;25-03-2009;;;;;;;;;2009
Tupelo Honey;Blue-eyed soul;166;242;-11.9;315372;27-06-2008;Folk rock;Soft rock;;;;;;;2008
Georgia On My Mind;Soul music;157.2;339;-14.7;315413;28-08-2015;Blues;Traditional pop music;Jazz;;;;;;2015
Da Da Da I Don't Love You You Don't Love Me Aha Aha Aha;Neue Deutsche Welle;131;199;-17.3;315476;30-10-2002;;;;;;;;;2002
Queen Of The Slipstream;Celtic music;144.1;297;-10.4;315536;22-10-2007;Folk rock;;;;;;;;2007
Raspberry Swirl;Electronic dance music;128;221;-8.9;315552;16-12-2008;;;;;;;;;2008
Gracias A La Vida;Pop music;107;275;-10.2;315607;04-05-2010;;;;;;;;Gmaj;2010
If You Could Read My Mind;Dance-pop;122.3;723;-12.7;315652;14-12-2010;Pop-folk;;;;;;;Gmaj;2010
Choppin' Wood;Celtic rock;113;211;-9.5;315716;28-08-2015;;;;;;;;;2015
Sweet Cherry Wine;Psychedelic rock;106.8;260;-10.1;315784;28-10-2008;;;;;;;;;2008
Tommy James And The Shondells:Sweet Cherry Wine;Psychedelic rock;106.8;260;-10.1;315784;28-10-2008;;;;;;;;;2008
Good Morning Little Schoolgirl;Blues;157.2;247;-10.4;315811;28-08-2015;;;;;;;;;2015
Young And Foolish;;138;285;-14.3;315884;28-12-2010;;;;;;;;;2010
On The Sunny Side Of The Street;;108;175;-12.5;315929;16-09-2011;;;;;;;;;2011
Moonglow;;110;272;-11.7;315966;05-02-2010;;;;;;;;;2010
Justin Bieber:The Christmas Song (Chestnuts Roasting On an Open Fire);Pop music;103;215;-12.3;315989;01-11-2011;Jazz;Christmas music;;;;;;;2011
Perfect;Soul music;109;286;-7.9;315990;24-05-2008;Rock music;;;;;;;Gbmaj;2008
Time After Time;Jazz;160;212;-16;316025;30-10-2006;;;;;;;;;2006
What About Us;Contemporary R&B;178;151;-10.7;316027;12-10-2014;Rapping;;;;;;;;2014
Professional Widow;Alternative rock;107;243;-13.6;316082;18-12-2006;Speed garage;;;;;;;;2006
My Way;Contemporary R&B;93;217;-14.4;316118;01-01-1999;;;;;;;;;1999
Dancing Choose;Art rock;102.8;176;-7.3;316179;21-09-2008;Alternative rock;Indie rock;;;;;;;2008
Brand New Day;Country rock;132;68;-15.3;316215;18-10-2013;Rhythm and blues;;;;;;;;2013
It's All In The Game;Pop music;105.5;160;-15.2;316216;25-08-2002;;;;;;;;;2002
Freedom;Pop music;133.4;320;-9;316217;13-11-2006;;;;;;;;;2006
The Electric Co.;Rock music;163;278;-11.5;316238;29-09-2008;Post-punk;;;;;;;;2008
Girl Talk;;108;191;-13.9;316257;18-08-1997;;;;;;;;;1997
Bring It On Home To Me;Rock music;145;282;-13.6;316346;28-08-2015;Country music;Blues;Soul music;Rhythm and blues;Pop music;;;;2015
Crying;Art rock;113.9;251;-9;316434;21-09-2008;Alternative rock;Indie rock;;;;;;;2008
Holdin' Heaven;Country music;189.7;151;-12.7;316512;20-11-2001;;;;;;;;Fmaj;2001
Bad Boys;Post-disco;119;200;-12.2;316622;03-09-2001;;;;;;;;;2001
867-5309-Jenny;Power pop;137;224;-11.1;316748;28-09-2009;Jangle pop;Pop rock;;;;;;Emin;2009
MLK;Ambient music;134;154;-18.3;316764;14-07-2009;;;;;;;;;2009
The Way Young Lovers Do;Folk rock;190;197;-15.7;316831;01-11-1968;Blue-eyed soul;Jazz;;;;;;;1968
Seein' Red;Post-grunge;102.8;228;-8.2;316855;21-04-2009;Alternative rock;Power pop;;;;;;;2009
Do Something To Me;Rock music;120;151;-14.2;316871;08-01-1990;;;;;;;;;1990
Tommy James And The Shondells:Do Something To Me;Rock music;120;151;-14.2;316871;08-01-1990;;;;;;;;;1990
Taxi Ride;Alternative rock;166;240;-9;316954;01-01-2001;Folk rock;;;;;;;;2001
Dancing Lasha Tumbai;Dance music;144;191;-8.2;316969;06-07-2007;;;;;;;;;2007
Can U Get Wit It;Slow jam;124;295;-13.2;317013;30-08-1994;Hip hop soul;;;;;;;;1994
But Beautiful;;130;216;-13.9;317027;07-10-1997;;;;;;;;;1997
Madame George;Folk rock;153;317;-15.4;317066;03-09-2009;;;;;;;;;2009
Hands On Me;Pop rock;122;180;-9.9;317111;09-10-2007;;;;;;;;Dmin;2007
Gone;Alternative rock;175;276;-8.4;317339;31-10-2002;;;;;;;;;2002
Gotta Get Back To You;Rock music;148;185;-13.7;317447;08-01-1990;;;;;;;;;1990
Tommy James And The Shondells:Gotta Get Back To You;Rock music;148;185;-13.7;317447;08-01-1990;;;;;;;;;1990
T.B. Sheets;Rock music;86;577;-18.2;317457;21-02-1991;;;;;;;;;1991
Glad Tidings;Jazz;150;238;-15.1;317474;18-10-2013;Rhythm and blues;;;;;;;;2013
Lady;Lo-fi music;123;342;-10.4;317482;19-06-2007;Indie rock;;;;;;;Emin;2007
The Best Is Yet To Come;Traditional pop music;120.2;147;-12.3;317494;04-09-2006;Jazz;;;;;;;;2006
El Scorcho;Emo;146;247;-10.1;317512;02-11-2010;Power pop;Alternative rock;;;;;;;2010
Madame George;Folk rock;150;318;-21.7;317565;16-10-2006;;;;;;;;;2006
Speak Low;;114;190;-20.4;317588;14-11-2016;;;;;;;;;2016
Winter Wonderland;Pop music;115;131;-10.3;317591;30-11-2007;Christmas music;;;;;;;;2007
Tommy James And The Shondells:Hanky Panky;Garage rock;125.3;177;-13.3;317657;28-10-2008;;;;;;;;;2008
Freedom;Pop music;132;302;-9.8;317663;06-02-1985;;;;;;;;;1985
I Wanna Be Around;;103;131;-16.5;317711;30-10-2006;;;;;;;;;2006
In A Little While;Country rock;102;249;-6.7;317755;09-07-2002;;;;;;;;;2002
Another Day;Rock music;154;208;-15.3;317764;21-07-2008;Post-punk;;;;;;;;2008
Back On Top;Blues;113.9;261;-9.5;317806;28-01-2008;Rhythm and blues;;;;;;;;2008
Mony Mony;New wave music;130;168;-9.4;317835;28-10-2008;Power pop;Hard rock;Rock music;;;;;;2008
Beautiful Girls;Hard rock;100;237;-7.9;317947;14-05-2007;;;;;;;;;2007
When The Saints Go Marching In;;120.5;361;-18.9;317997;28-01-2008;;;;;;;;;2008
R�ndajad;Electropop;123.8;180;-9.3;318040;17-04-2009;;;;;;;;Fmaj;2009
Me And A Gun;A cappella;77;222;-18.3;318049;21-02-1992;;;;;;;;;1992
I Will;Folk rock;112;244;-17.4;318072;27-07-2009;;;;;;;;;2009
Still Got It;Hip hop music;95;223;-8.5;318113;04-10-2011;;;;;;;;;2011
Miss You;Pop music;156;232;-9.2;318113;22-04-2002;;;;;;;;;2002
The Very Thought Of You;;82;270;-15.2;318152;30-08-2010;;;;;;;;;2010
Just In Time;Pop music;136;136;-11;318199;22-10-2012;;;;;;;;;2012
A Gunshot To The Head Of Trepidation;Melodic metalcore;145;355;-7.4;318264;07-03-2005;;;;;;;;Dmin;2005
40;Post-punk;150;157;-11;318641;18-07-2008;Rock music;;;;;;;;2008
Who Can I Turn To (When Nobody Needs Me);;144;231;-12.8;321426;16-09-2011;;;;;;;;;2011
If I Let You Go;Teen pop;90;221;-9.3;321426;22-04-2002;;;;;;;;;2002
A Thousand Miles;Pop music;95;236;-9.9;322363;14-07-2009;;;;;;;;Emaj;2009
Famous Blue Raincoat;Folk music;135;339;-19.6;322460;30-08-1995;;;;;;;;;1995
Daddy's Gonna Pay For Your Crashed Car;Industrial rock;119;320;-15.7;323353;05-07-1993;Alternative rock;;;;;;;;1993
I'll Supply The Love;Hard rock;125;224;-11.8;323840;15-03-2008;Funk rock;;;;;;;;2008
Speak Low;;112;234;-14;324159;16-09-2011;;;;;;;;;2011
Angel Of Harlem;Heartland rock;102;230;-11.1;324370;25-03-2009;Soul music;;;;;;;;2009
Yahweh;Rock music;126;261;-6.4;325473;22-11-2004;;;;;;;;;2004
Numb;Trip hop;179;262;-10.6;326718;31-10-2002;Industrial rock;Alternative rock;;;;;;;2002
The Way You Look Tonight;Traditional pop music;119;233;-14.2;326811;16-09-2011;;;;;;;;;2011
All Because Of You;Alternative rock;133;219;-5.9;326811;22-11-2004;;;;;;;;;2004
Warm Love;Rhythm and blues;88.5305;203;-12.7;329176;22-10-2007;Folk rock;;;;;;;;2007
Irish Heartbeat;Celtic music;87.6;315;-11.4;329364;13-03-2015;;;;;;;;;2015
Desire;Rhythm and blues;108;179;-9.6;329447;25-03-2009;Heartland rock;;;;;;;;2009
Paint It Black;Psychedelic rock;149;200;-11.5;330484;14-07-2009;Psychedelic music;Latin music (genre);Rhythm and blues;Raga rock;Funk;;;;2009
I Will Follow;Post-punk;148;225;-11.7;330911;02-01-1995;Rock music;;;;;;;;1995
Blow Your House Down;Alternative rock;133;210;-10.2;332286;31-10-2011;;;;;;;;;2011
Angel Eyes (Home And Away);Soft rock;94;312;-17;332783;24-03-1997;;;;;;;;Bmaj;1997
And The Cradle Will Rock...;Hard rock;107;213;-9;333035;18-09-2009;;;;;;;;;2009
Come Back To Me;Pop music;175.9;166;-8.3;334840;01-04-2009;Contemporary R&B;;;;;;;;2009
40;Post-punk;142;226;-12.8;336662;02-01-1995;Rock music;;;;;;;;1995
Gone;Alternative rock;175;266;-10.8;337665;03-03-1997;;;;;;;;;1997
Real Real Gone;Celtic music;142.075;217;-11;338518;22-10-2007;Folk rock;Blues rock;;;;;;;2007
Undone (The Sweater Song);Power pop;160;299;-8.9;338564;23-03-2004;Alternative rock;;;;;;;;2004
What Makes A Man;Pop music;136;232;-8.7;339034;22-11-2016;;;;;;;;;2016
The Hands That Built America;Rock music;162;298;-11.4;339257;31-10-2002;;;;;;;;;2002
Bullet The Blue Sky;Rock music;152;336;-14.1;341590;26-03-1990;;;;;;;;;1990
(If You're Wondering If I Want You To) I Want You To;Power pop;110;208;-9.6;342215;01-01-2009;;;;;;;;;2009
Graduation (Friends Forever);Pop music;160;340;-11.3;342464;31-08-1999;;;;;;;;;1999
A Sort Of Homecoming;Rock music;117;328;-12.4;342503;14-07-2009;Post-punk;;;;;;;;2009
Here Comes The Night;Blues rock;197;165;;342961;22-10-2007;;;;;;;;Emaj;2007
You Wanted More;;181.3;233;-8;343194;02-08-1999;;;;;;;;;1999
Y.M.C.A.;Disco;127;225;-15.1;343884;22-10-2010;;;;;;;;;2010
Please;Alternative rock;101;302;-13.4;344576;03-03-1997;;;;;;;;;1997
You Are So Beautiful (To Me);Blue-eyed soul;128;184;-15.5;344873;13-11-2006;Pop music;;;;;;;;2006
Stand Up Comedy;Funk rock;179;229;-7;346211;26-05-2016;Alternative rock;;;;;;;;2016
I'm Already There;Country music;131.7;256;-9.1;347300;02-11-2007;;;;;;;;;2007
Linger On;Lo-fi music;91.3;477;-8.6;349068;19-06-2007;Indie rock;;;;;;;Cmaj;2007
Two Hearts Beat As One;Post-punk;141;243;-12.6;349068;18-07-2008;Rock music;;;;;;;;2008
I Left My Heart In San Francisco;Traditional pop music;126;171;-14.3;349914;10-12-2007;;;;;;;;;2007
Pamela;Soft rock;97.3;310;-20.8;351222;15-03-2008;Jazz fusion;Neo-progressive rock;;;;;;;2008
The Reason;Pop rock;83;234;-7.8;351557;19-11-2010;;;;;;;;;2010
It Had To Be You;Pop music;121;228;-13.4;351854;16-09-2011;;;;;;;;;2011
Until The End Of The World;Alternative rock;102;279;-9.1;351854;31-10-2002;;;;;;;;;2002
Ordinary Day;Pop music;92;238;-8.3;352631;01-01-1951;;;;;;;;Amin;1951
Ol' Man River;;155;319;-16.3;352801;10-08-2014;;;;;;;;;2014
Crazy Love;Blue-eyed soul;154;155;-18;352992;18-10-2013;;;;;;;;;2013
Redneck Crazy;Country music;146.1;216;-8;353310;20-02-2015;;;;;;;;;2015
Hawkmoon 269;Heartland rock;189;382;-14.9;354093;26-03-1990;;;;;;;;;1990
Wishing I Was Lucky;Pop music;109;236;-16.5;354180;24-01-2005;;;;;;;;Cmaj;2005
Fool Again;Pop music;152;235;-9.9;355024;22-04-2002;;;;;;;;;2002
Sonderzug Nach Pankow;;161;211;-10.7;355972;12-05-2006;;;;;;;;Fmaj;2006
Stranger In Town;New wave music;154;288;-12.5;357404;15-03-2008;;;;;;;;;2008
How Do You Keep The Music Playing?;Jazz;133;326;-14.1;357962;16-09-2011;;;;;;;;;2011
I Will Follow;Post-punk;155;217;-10.8;358532;21-07-2008;Rock music;;;;;;;;2008
She Builds Quick Machines;Hard rock;149;242;-7.1;360186;21-05-2007;;;;;;;;Dmin;2007
White As Snow;Folk rock;87;281;-12.2;360586;26-05-2016;;;;;;;;;2016
Fairly Local;Hip hop music;114;207;-9.3;360946;17-03-2015;Alternative dance;;;;;;;;2015
The Wanderer;Electronic rock;117;341;-16;361534;05-07-1993;;;;;;;;;1993
Undercover:Baker Street;Rock music;123;250;-14.8;363213;12-04-2010;Jazz;Soft rock;;;;;;;2010
Blue Velvet;Traditional pop music;131;272;-14.1;363491;16-09-2011;;;;;;;;;2011
Rabbit In Your Headlights;Trip hop;149;377;-12.2;363676;23-06-2003;;;;;;;;;2003
Ain't Talkin' 'Bout Love;Heavy metal music;139;227;-8.9;365558;14-05-2007;Hard rock;;;;;;;;2007
Back To The Shack;;172;186;-8.1;366396;20-01-2015;;;;;;;;;2015
New York;Rock music;125;330;-10.7;366494;11-08-2008;Alternative rock;;;;;;;;2008
Christian Woman;Gothic metal;89;538;-12.2;367135;01-01-1997;Doom metal;Alternative metal;;;;;;Bmin;1997
Fez - Being Born;Art rock;187;316;-8.9;367323;26-05-2016;;;;;;;;;2016
Wild Night;Rock music;144.6;213;-11.6;369056;28-01-2008;Rhythm and blues;;;;;;;;2008
Breathe;Rock music;117;300;-7.3;369084;26-05-2016;;;;;;;;;2016
Knock Three Times;Pop music;123;177;-12.6;369091;10-12-2007;;;;;;;;;2007
Smile;Country pop;141.1;212;-8.7;369729;30-08-2010;Country music;;;;;;;;2010
If You Could Only See;Post-grunge;190;261;-8.8;371655;11-07-1996;Alternative rock;;;;;;;;1996
Best I Ever Had (Grey Sky Morning);Country music;85.8;270;-10.3;371826;15-06-1999;Alternative rock;;;;;;;Gbmaj;1999
My Body;Alternative rock;141;221;-8.3;372767;;Indie rock;;;;;;;;
Bad Boys;Post-disco;120.185;199;-14.1;373467;26-09-2016;;;;;;;;;2016
Whiskey In My Water;Country music;153.7;188;-8.7;375515;27-09-2013;;;;;;;;;2013
Trials Troubles Tribulations;;160.9;182;-12.7;375740;18-12-2014;;;;;;;;;2014
Make Believe;;141;223;-16.5;377237;15-03-2008;;;;;;;;;2008
All Along The Watchtower;Folk rock;128;264;-14.9;377955;26-03-1990;Psychedelic rock;Hard rock;Blues rock;;;;;;1990
When I Look At The World;Rock music;99;257;-10.1;377955;11-08-2008;;;;;;;;;2008
So Very Hard To Go;Rhythm and blues;95;217;-10.4;378192;17-07-2001;;;;;;;;;2001
Polk Salad Annie;;131;223;-11.3;378267;03-12-2007;;;;;;;;Emaj;2007
The Night;Italo disco;110.5;233;-11.4;379673;05-12-2008;;;;;;;;Fmaj;2008
Moondance;Smooth jazz;134;274;-15.6;379814;18-10-2013;Rock music;Soft rock;;;;;;;2013
Can't You See;Rhythm and blues;86;277;-10.5;380373;09-03-2004;;;;;;;;;2004
Cast Your Fate To The Wind;Jazz fusion;125;186;-21.7;381522;18-04-2006;;;;;;;;;2006
Tryin' To Throw Your Arms Around The World;Rock music;179;232;-14.1;382161;18-11-1991;;;;;;;;;1991
All Out Of Love;Soft rock;106;225;-10.7;382917;13-11-2006;;;;;;;;;2006
Where The Streets Have No Name;Rock music;125;276;-9.7;383225;25-03-2009;;;;;;;;;2009
Dear Mr. Fantasy;Blues rock;163;342;-12;383380;14-01-2008;Psychedelic rock;;;;;;;Amaj;2008
Yonkers;Alternative hip hop;78.9;251;-8.4;384520;15-02-2011;Horrorcore;;;;;;;;2011
Stranger In Paradise;;149;300;-11.8;384696;16-09-2011;;;;;;;;;2011
Even Better Than The Real Thing;Alternative rock;128;221;-8.4;386134;31-10-2002;;;;;;;;;2002
Perfect Situation;Alternative rock;93;254;-7.8;389422;26-05-2005;Pop punk;Emo;;;;;;;2005
Unchained;Heavy metal music;136;209;-9.5;390921;18-09-2009;Hard rock;;;;;;;;2009
Zooropa;Alternative rock;94;391;-15.9;391302;05-07-1993;;;;;;;;;1993
Where Did Your Heart Go?;Dance-rock;96.5975;342;-16.8;393234;03-09-2001;Post-disco;Soft rock;;;;;;;2001
Mysterious Ways;Alternative dance;99;244;-10.2;393378;31-10-2002;Alternative rock;Funk rock;;;;;;;2002
Dreams;Electronic rock;141;292;-6.8;393378;14-05-2007;Pop rock;Hard rock;;;;;;;2007
Original Of The Species;Rock music;173;281;-7.5;395011;22-11-2004;;;;;;;;;2004
Helter Skelter;Hard rock;157;188;-12.4;395338;26-03-1990;Heavy metal music;;;;;;;;1990
Dying In Your Arms;Metalcore;160;173;-7.1;396129;07-03-2005;;;;;;;;Amin;2005
Everything She Wants;Dance-pop;114.844;389;-17.8;396233;25-11-2011;Contemporary R&B;Post-disco;Synthpop;;;;;;2011
Domino;Rhythm and blues;130;189;-18;396757;30-06-1975;;;;;;;;;1975
Absolutely Everybody;House music;123.047;226;-8.3;397227;01-01-2000;Dance-pop;;;;;;;Fmaj;2000
Here I Am (Come And Take Me);Soul music;95;257;-19.2;397678;01-03-2003;;;;;;;;;2003
Friendship To Last;;156;193;-11.1;398541;20-02-2015;;;;;;;;;2015
Miracle Drug;Rock music;124;239;-8;399425;22-11-2004;;;;;;;;;2004
Humans Being;Hard rock;124;307;-9;400426;24-09-1996;;;;;;;;;1996
Da Da Da Ich Lieb Dich Nicht Du Liebst Mich Nicht Aha Aha Aha;Neue Deutsche Welle;132;392;-18.3;401057;01-01-1996;;;;;;;;;1996
Funky Cold Medina;Rap rock;117;248;-18.5;401872;30-11-1988;;;;;;;;;1988
Say OK;Contemporary R&B;95;223;-9.6;405131;01-04-2009;Pop music;;;;;;;;2009
Justice:Tthhee Ppaarrttyy;Electroclash;119;243;-10.3;405525;18-06-2007;Hip hop music;;;;;;;Emaj;2007
Conquest Of Paradise;Electronic music;148;284;-14.5;405804;01-01-1999;Ambient music;20th-century classical music;;;;;;;1999
Gloria;Rock music;146;287;-10.3;406008;02-01-1995;Post-punk;;;;;;;;1995
Far Away;Pop-rap;92;207;-8.9;406148;17-05-2011;;;;;;;;;2011
Just In Time;Pop music;154;114;-17.5;407599;10-08-2014;;;;;;;;;2014
Get On Your Boots;Alternative rock;148;205;-8.3;407759;20-01-2009;;;;;;;;;2009
Breaking Benjamin:Blow Me Away (Valora Version);Alternative metal;99;205;-7.3;409920;28-09-2009;Hard rock;;;;;;;Gmin;2009
Them:Baby Please Don't Go;Garage rock;105;160;-16.3;410645;22-10-2007;Blues rock;Blues;;;;;;Fmin;2007
Baby Please Don't Go;Garage rock;105;160;-16.3;410645;22-10-2007;Blues rock;Blues;;;;;;Fmin;2007
Giving Up The Gun;Synthpop;133.8;286;-7.9;411673;11-01-2010;Indie pop;;;;;;;Amaj;2010
Sweetest Thing;Pop rock;141;184;-13.4;412029;20-11-2007;;;;;;;;;2007
Peace On Earth;Rock music;101;288;-13;412315;11-08-2008;;;;;;;;;2008
Tupelo Honey;Blue-eyed soul;145.1;415;-13.3;413620;28-01-2008;Folk rock;Soft rock;;;;;;;2008
Astral Weeks;Folk rock;162;426;-18.8;414851;01-11-1968;;;;;;;;;1968
Acrobat;Alternative rock;200;270;-12.6;415193;18-11-1991;;;;;;;;;1991
Black No. 1 (Little Miss Scare-All);Gothic metal;107;675;-12.5;421017;01-01-1997;Alternative metal;;;;;;;Abmaj;1997
Sweet Thing;Folk rock;173;265;-17.7;423102;01-11-1968;;;;;;;;;1968
Unknown Caller;Rock music;103;362;-8.6;423319;26-05-2016;;;;;;;;;2016
Someone Like You;Smooth jazz;138;243;-12.5;423529;22-10-2007;;;;;;;;;2007
Into The Mystic;Rhythm and blues;173;207;-17.5;424766;18-10-2013;Gospel blues;Jazz;Folk rock;;;;;;2013
99;Soft rock;178;312;-15.8;425134;15-03-2008;;;;;;;;;2008
Staring At The Sun;Alternative rock;140;276;-11;425431;03-03-1997;;;;;;;;;1997
The Miracle (Of Joey Ramone);Pop rock;135;255;-10.8;426483;13-10-2014;;;;;;;;;2014
Pull Harder On The Strings Of Your Martyr;Metalcore;145;291;-6.9;428435;07-03-2005;;;;;;;;Dmaj;2005
Happy Little Pill;Electropop;92;224;-9.9;428803;25-07-2014;;;;;;;;;2014
Wild Thing;Electroclash;125;263;-15.5;429790;30-11-1988;Rap rock;Techno;;;;;;;1988
Scream;;128;235;-8.7;432855;26-04-2012;;;;;;;;;2012
I Knew You Were Trouble;Dubstep;154.268;218;-8;433037;19-11-2014;Electropop;Pop rock;;;;;;;2014
So Freakin' Tight;Deep house;122;344;-10.8;433792;22-02-2015;;;;;;;;;2015
And It Stoned Me;Rhythm and blues;151;272;-14.3;437471;18-10-2013;;;;;;;;;2013
U-Turn;Rhythm and blues;182;189;-10.2;438255;01-01-2001;;;;;;;;;2001
Discoth�que;Techno;120;320;-11.5;438255;03-03-1997;Alternative rock;Alternative dance;;;;;;;1997
No Line On The Horizon;Rock music;199;252;-8.6;438290;26-05-2016;;;;;;;;;2016
All I Want Is You;Pop rock;186;389;-15.5;440563;26-03-1990;Rock music;Pop music;;;;;;;1990
Wobble;Hip hop music;95;323;-6.3;441324;15-07-2008;Pop-rap;;;;;;;;2008
Colors Of The Wind;Film score;168;259;-15.2;442351;27-03-2006;;;;;;;;;2006
Mothers Of The Disappeared;Rock music;103;314;-14.9;442915;20-11-2007;;;;;;;;;2007
Lost In The Stars;;107;237;;443033;30-10-2006;;;;;;;;;2006
Candy Kisses;Country music;125;143;-11.4;443033;04-09-2006;;;;;;;;;2006
Just In Time;Pop music;113;156;;443033;13-10-2008;;;;;;;;;2008
Begin The Beguine;Jazz;137;203;-14;443033;14-11-2016;;;;;;;;;2016
Freak The Freak Out;Electronic rock;140.2;234;-6.5;444595;20-02-2011;Synthpop;Teen pop;;;;;;;2011
Holiday;Indie pop;156;138;-7.6;444739;11-01-2010;;;;;;;;Bmin;2010
Check Yes Juliet;Pop rock;166.7;220;-6.9;446230;09-06-2008;Alternative rock;Pop punk;Power pop;;;;;;2008
Faded;Hip hop music;95;213;-11.4;446413;13-01-2012;;;;;;;;;2012
Eleanor Rigby;Baroque pop;109.4;261;-11.8;449505;05-09-2005;;;;;;;;;2005
Turn The Beat Around;Disco;130;203;-8.8;449505;30-08-1999;Dance-pop;Hi-NRG;;;;;;;1999
Cousins;;175.9;145;-7.4;450275;11-01-2010;;;;;;;;Dbmin;2010
Accept:Balls To The Wall;Heavy metal music;118.1;343;-10.9;450965;11-06-2007;;;;;;;;E;2007
I'm So Lonesome I Could Cry;Country music;116;201;-5;451832;23-07-2010;Blues;;;;;;;Bbmaj;2010
You Might Think;New wave music;133;187;-10.1;453310;01-01-2011;Pop rock;;;;;;;;2011
Hold Me Thrill Me Kiss Me Kill Me;Glam rock;171;286;-9.8;453825;31-10-2002;Alternative rock;;;;;;;;2002
Das Boot;Techno;122;314;-11.7;455557;05-03-1992;Rave music;;;;;;;Fmaj;1992
Papers;Contemporary R&B;119.8;260;-10;455594;19-10-2009;;;;;;;;;2009
Something Good Can Work;Indie rock;119;165;-7.6;456349;01-06-2009;Dance-punk;Indie pop;;;;;;;2009
(Oh) Pretty Woman;Rock music;127;173;-7.3;456972;14-05-2007;;;;;;;;;2007
Why Can't This Be Love;Pop rock;176;211;-11.7;457055;24-09-1996;Electronic rock;;;;;;;;1996
Dance The Night Away;Hard rock;128;189;-8.4;457552;18-09-2009;;;;;;;;;2009
Wasted Time;Indie folk;112;301;-9.8;459169;02-09-2014;Indie pop;;;;;;;;2014
Walk On;Rock music;200;266;-8.3;462025;20-11-2006;;;;;;;;;2006
Everything She Wants;Dance-pop;115;302;-19;465553;06-02-1985;Contemporary R&B;Post-disco;Synthpop;;;;;;1985
Mickey;Bubblegum pop;148.2;254;-14.9;465827;01-06-2009;;;;;;;;;2009
Bright Side Of The Road;Country rock;176.683;226;-12;468033;22-10-2007;;;;;;;;;2007
Gloria;Proto-punk;128;156;-11.2;468704;03-06-2016;Garage rock;Punk rock;;;;;;Emaj;2016
Freedom;Pop music;132.938;319;-11.6;468909;26-09-2016;;;;;;;;;2016
First Time;Indie pop;116;224;-10;469709;21-01-2015;Indie folk;;;;;;;;2015
So Cruel;Rock music;183;349;-14.4;470821;18-11-1991;;;;;;;;;1991
I Won't Hold You Back;Soft rock;102;293;-15.7;472673;15-03-2008;;;;;;;;;2008
I'm Your Man;Dance music;132.089;243;-11.7;473682;26-09-2016;Pop music;Dance-pop;;;;;;;2016
Georgia;Indie pop;145;230;-10.6;473762;09-09-2014;Indie folk;;;;;;;;2014
Chariots Of Fire;Film score;136;209;-21.1;476286;23-07-2012;New-age music;;;;;;;;2012
Lil Freak;Rhythm and blues;140.2;234;-9.5;476727;29-03-2010;Hip hop music;;;;;;;;2010
My Love;Pop music;102;209;-9.9;479677;23-03-2001;;;;;;;;;2001
Angel Eyes (Home And Away);Soft rock;94;271;-11.1;480013;24-01-2005;;;;;;;;Bmaj;2005
Aber Bitte Mit Sahne;Thrash metal;124;217;-9.7;480528;01-01-2001;;;;;;;;;2001
The Edge Of Heaven;Dance-pop;152.56;274;-12.6;481556;03-09-2001;;;;;;;;;2001
Lemon;Alternative rock;116;418;-17.5;483292;05-07-1993;Disco;;;;;;;;1993
My Way;Contemporary R&B;90;214;-12.4;484143;19-04-2004;;;;;;;;;2004
Ultra Violet (Light My Way);Rock music;107;330;-12.8;484625;18-11-1991;;;;;;;;;1991
Love Is Blindness;Alternative rock;146;263;-13.9;485323;18-11-1991;;;;;;;;;1991
Burn;Contemporary R&B;119;256;-9.8;488613;20-03-2006;;;;;;;;;2006
Volcano Girls;Alternative rock;131;198;-7;492163;01-02-1997;;;;;;;;Dmaj;1997
Days Like This;Celtic music;187.926;190;-12.6;492605;22-10-2007;Folk rock;;;;;;;;2007
Chariots Of Fire;Film score;136;211;-15.6;492930;03-10-1989;New-age music;;;;;;;;1989
In A Little While;Rock music;92;220;-10.7;496478;11-08-2008;;;;;;;;;2008
I Only Wanna Be With You;Synthpop;138;164;-5.6;496946;30-09-2005;Bubblegum pop;Eurobeat;Latin music (genre);Pop music;;;;Dmaj;2005
Beverly Hills;Power pop;88;201;-8;498965;14-01-2010;;;;;;;;;2010
Sunday Bloody Sunday;Rock music;109;318;-12.1;500221;02-01-1995;Post-punk;;;;;;;;1995
Moment Of Surrender;Gospel music;173;444;-9.5;500810;26-05-2016;Rock music;;;;;;;;2016
Crimson And Clover;Garage rock;171;209;-12.7;501608;04-06-2002;Acid rock;Psychedelic pop;Psychedelic rock;;;;;;2002
Tommy James And The Shondells:Crimson And Clover;Garage rock;171;209;-12.7;501608;04-06-2002;Acid rock;Psychedelic pop;Psychedelic rock;;;;;;2002
Oops (Oh My);Hip hop soul;159;237;-9.9;502753;02-04-2002;Contemporary R&B;;;;;;;;2002
Make It Shine;Dance music;136.9;187;-6.8;502778;13-04-2010;Pop music;;;;;;;;2010
Hot For Teacher;;126;281;-8.4;504622;14-05-2007;;;;;;;;;2007
Red Red Wine;Reggae fusion;178;321;-18.3;505713;03-01-1993;Soft rock;Pop music;;;;;;;1993
Can't Stop Lovin' You;Hard rock;117;248;-7.4;507697;14-05-2007;;;;;;;;;2007
Bullet The Blue Sky;Rock music;152;271;-12.1;508093;20-11-2007;;;;;;;;;2007
Sleep Alone;;148.2;236;-7.6;509390;;;;;;;;;;
One Tree Hill;Rock music;123;322;-12.6;509575;20-11-2007;;;;;;;;;2007
Next Year;Dance-punk;127.6;251;-8.4;509964;01-03-2014;Indie pop;;;;;;;;2014
Cornflake Girl;Alternative rock;133;305;-11.7;511201;28-01-1994;Baroque pop;;;;;;;;1994
World Of Our Own;Pop music;98;208;-8.4;514036;11-03-2002;;;;;;;;;2002
Jump;Arena rock;129;244;-8.3;515043;14-05-2007;Pop rock;Electronic rock;;;;;;;2007
Sunday Bloody Sunday;Rock music;100;282;-10.4;516076;25-03-2009;Post-punk;;;;;;;;2009
Moving Mountains;Contemporary R&B;115.8;301;-8.9;519990;10-02-2010;;;;;;;;;2010
Georgy Porgy;Disco;97;248;-18;522868;15-03-2008;Jazz fusion;Soft rock;;;;;;;2008
You're Makin Me High;;92;268;-12.9;522916;21-08-2007;;;;;;;;;2007
You're Makin' Me High;;92;268;-12.9;522916;21-08-2007;;;;;;;;;2007
There Goes My Baby;Contemporary R&B;154.8;283;-10.6;524026;15-02-2010;;;;;;;;;2010
I Follow Rivers;Pop music;110;214;-10.7;525265;30-01-2015;Indie pop;;;;;;;;2015
Stop Loving You;Pop rock;102;270;-12;526352;15-03-2008;Soft rock;;;;;;;;2008
Slither;Heavy metal music;141;248;-7.5;526636;24-05-2004;Hard rock;;;;;;;Dmaj;2004
Ti Amo;Adult contemporary music;182;233;-8.5;526877;19-02-2007;Pop music;;;;;;;Amaj;2007
Vertigo;Alternative rock;140;190;-7;527283;20-11-2006;;;;;;;;;2006
All I Want Is You;Pop rock;186;591;-13.3;528418;25-03-2009;Rock music;Pop music;;;;;;;2009
Nice & Slow;Pop music;122;227;-15.2;530320;08-09-2003;Contemporary R&B;Soul music;;;;;;;2003
DLZ;Art rock;175.9;229;-8.1;530660;21-09-2008;Alternative rock;Indie rock;;;;;;;2008
Hope;Contemporary R&B;107;254;-10.2;531626;05-04-2005;Hip hop music;;;;;;;Bmin;2005
Lemme See;;154;252;-9.4;532163;04-05-2012;;;;;;;;;2012
Alicia Keys:Diary;Neo soul;128;284;-12.4;532959;01-12-2003;Soul music;Contemporary R&B;;;;;;;2003
Dancing With Tears In My Eyes;Synthpop;144;244;-12;532983;08-12-2008;;;;;;;;Gbmaj;2008
More;Hi-NRG;124.9;219;-6.7;537058;22-11-2010;;;;;;;;;2010
Cantaloop (Flip Fantasia);Dance-pop;115;279;-14.9;538418;10-03-2009;Jazz rap;;;;;;;;2009
Dancing Barefoot;Rock music;119;285;-11.6;540660;04-11-2002;;;;;;;;;2002
Everlasting Love;Electronic dance music;126;199;-11.3;540660;04-11-2002;Disco;Pop music;Soul music;Electropop;;;;;2002
Unchained Melody;Country music;100;291;-12.2;540660;04-11-2002;Pop music;Blue-eyed soul;;;;;;;2002
Red Hill Mining Town;Rock music;138;292;-13.3;542108;20-11-2007;;;;;;;;;2007
Gloria;Synthpop;131.7;276;-7.8;542426;26-03-2012;Pop music;Disco;Italo disco;Hi-NRG;Dance music;House music;;Emaj;2012
Y.M.C.A.;Disco;126;202;-12.7;542696;01-01-1980;;;;;;;;;1980
Have I Told You Lately;Folk rock;144.055;258;-13.5;548264;28-01-2008;Celtic music;Soft rock;Folk music;;;;;;2008
A Warrior's Call;Heavy metal music;145;263;-6.8;548280;10-09-2010;;;;;;;;Dmaj;2010
Running To Stand Still;Folk rock;94;257;-18.6;550443;20-11-2007;Country blues;;;;;;;;2007
Vienna;Synthpop;160;275;-12.7;550746;05-05-2008;Art rock;New wave music;Electronic music;;;;;Amin;2008
Pork And Beans;Alternative rock;119;189;-9.8;551925;23-06-2008;Power pop;;;;;;;;2008
Guns For Hands;Indie pop;130;277;-9.9;554337;08-07-2011;Alternative dance;;;;;;;;2011
Flying Without Wings;Pop music;146;214;-9.2;558725;01-11-2004;Contemporary R&B;Urban contemporary;;;;;;;2004
Macho Man;Disco;132.9;321;-13.8;561546;01-01-1986;;;;;;;;;1986
Smells Like Teen Spirit;Grunge;87;195;-14.3;562175;01-03-2009;Alternative rock;;;;;;;;2009
City Of Blinding Lights;Rock music;139;347;-7.2;570154;27-06-2006;;;;;;;;;2006
Love In This Club;Contemporary R&B;139;309;-11.5;571882;10-02-2010;;;;;;;;;2010
Undercover Martyn;Indie rock;159.6;166;-7.5;574813;26-02-2010;Power pop;Dance-punk;;;;;;;2010
Sunday Bloody Sunday;Rock music;101;279;-12.1;575027;18-07-2008;Post-punk;;;;;;;;2008
Trading Places;Contemporary R&B;146;268;-10.3;575489;10-02-2010;;;;;;;;;2010
Blister In The Sun;Alternative rock;97;144;-21.9;576876;08-07-1996;;;;;;;;Gmaj;1996
Ti Amo;Adult contemporary music;179.8;259;-8;576946;26-03-2012;Pop music;;;;;;;Amaj;2012
Waltz For Debby;Jazz;146;244;-15.9;580464;21-12-2010;;;;;;;;;2010
My Love;Pop music;144;230;-8.7;584716;22-11-2016;;;;;;;;;2016
I Can Talk;;162.8;175;-7;585953;23-11-2009;;;;;;;;;2009
Hash Pipe;Alternative rock;125;186;-8.5;587465;14-07-2009;Hard rock;Pop punk;;;;;;;2009
J.J. Cale:Cocaine;Tulsa Sound;103;172;-14.9;589895;02-06-1997;Blues rock;;;;;;;Dbmaj;1997
Caught Up;Contemporary R&B;110;224;-9.6;590750;21-05-2007;Dance-pop;;;;;;;;2007
Follow Me;Country rock;104;218;-9.9;590989;13-06-2000;;;;;;;;;2000
Uptown Girl;Teen pop;128;184;-8.1;591770;29-09-2004;Pop rock;Dance-pop;;;;;;;2004
Griechischer Wein;;148;245;-9;593154;07-10-2005;;;;;;;;;2005
Elevation;Alternative rock;110;227;-8.9;594230;20-11-2006;;;;;;;;;2006
Sweetest Thing;Pop rock;141;179;-12.3;596938;30-06-2008;;;;;;;;;2008
In The Navy;Disco;127;339;-12;597910;01-01-1979;;;;;;;;;1979
Drop That Kitty;Hip hop music;106;216;-8.7;599574;17-02-2015;;;;;;;;;2015
Club Tropicana;Post-disco;117;265;-12.6;602799;18-07-2003;;;;;;;;;2003
Fall To Pieces;Hard rock;132;270;-8.2;603783;24-05-2004;;;;;;;;Dbmaj;2004
I Still Haven't Found What I'm Looking For;Gospel music;100;277;-12.2;605377;20-11-2007;Rock music;;;;;;;;2007
Changing Of The Seasons;Synthpop;130;222;-7;607944;;Indie pop;;;;;;;;
Fallen;Hard rock;148;300;-6.7;610400;13-08-2010;;;;;;;;Dmaj;2010
Alane;World music;122;220;-11;611317;25-10-1996;;;;;;;;;1996
Fire And The Flood;Indie pop;114.844;249;-7.8;617016;09-09-2014;Indie folk;;;;;;;;2014
Confessions Part II;Contemporary R&B;137;211;-11.4;618104;09-01-2017;;;;;;;;;2017
Overnight Celebrity;Hip hop music;134;233;-9;620734;27-01-2004;;;;;;;;;2004
Un-Break My Heart;;110;271;-13.1;623387;21-08-2007;;;;;;;;;2007
Slow Jamz;Contemporary R&B;145;212;-10.1;624319;27-01-2004;Hip hop music;;;;;;;;2004
Magnificent;Rock music;114;324;-8.5;624329;26-05-2016;;;;;;;;;2016
Buddy Holly;Alternative rock;121;159;-9.4;636760;16-06-2008;Power pop;;;;;;;Fmaj;2008
Best Of Colour Solvers;Alternative rock;121;159;-9.4;636760;16-06-2008;Power pop;;;;;;;Fmaj;2008
We're Not Gonna Take It;Glam metal;148;219;-10.1;640785;17-12-2007;Heavy metal music;Hard rock;;;;;;Amaj;2007
Oxford Comma;Indie pop;119.8;195;-8.6;646535;27-01-2008;Blue-eyed soul;;;;;;;A;2008
Where The Streets Have No Name;Rock music;125;336;-13.1;654397;20-11-2007;;;;;;;;;2007
The Way You Do The Things You Do;Doo-wop;161;182;-19;655904;01-03-2003;Pop music;Reggae;Soul music;Rhythm and blues;Soft rock;;;;2003
Fade To Grey;Synthpop;112;243;-15.2;660336;01-01-2007;New wave music;;;;;;;Fmaj;2007
Climax;Electronic music;136;233;-9.4;662302;22-02-2012;Quiet storm;;;;;;;;2012
Wake Me Up Before You Go-Go;Dance-pop;81;230;-10.5;669579;10-12-2007;Dance-rock;Pop rock;;;;;;;2007
Wolf Like Me;Art rock;175;277;-8.3;671636;03-07-2006;Post-punk revival;;;;;;;;2006
Give Me One Reason;Blues rock;100;268;-14.2;674542;31-10-1995;Roots rock;;;;;;;Emin;1995
Rosanna;Blues;166;331;-14.1;675823;15-03-2008;Pop rock;Power pop;Rock music;;;;;;2008
Mess Is Mine;Indie folk;107;223;-10.9;677634;21-01-2015;Indie pop;;;;;;;;2015
Ordinary Love;Rock music;120;221;-11.6;685127;10-12-2013;;;;;;;;;2013
Born Slippy;Hard trance;140;456;-10.8;686032;29-01-2007;Trance music;;;;;;;;2007
Ice Ice Baby;Hip hop music;116.1;254;-7.9;691517;04-11-2008;Pop-rap;;;;;;;;2008
Holding On To You;Electropop;179;263;-7.6;693304;18-12-2014;Alternative hip hop;;;;;;;;2014
You Make Me Wanna...;;164;220;-11.5;703468;28-06-2004;;;;;;;;;2004
We Are The World;Gospel music;145.1;427;-18.7;712987;01-01-1985;Pop music;;;;;;;;1985
With Or Without You;Rock music;110;295;-14.2;712994;20-11-2007;;;;;;;;;2007
U Got It Bad;Contemporary R&B;123;247;-11.3;714388;01-01-2001;;;;;;;;;2001
Talking Body;Synthpop;119;238;-8.9;725824;24-09-2014;;;;;;;;;2014
Paranoid;Contemporary R&B;97.5;216;-8.6;731537;10-09-2013;Hip hop music;;;;;;;;2013
Antisocial;Hard rock;182;309;-10.4;739166;11-06-2007;;;;;;;;;2007
Spandau Ballet:True;Smooth jazz;97;344;-12.8;740458;15-05-2000;New wave music;Synthpop;Blue-eyed soul;;;;;Gmaj;2000
I Don't Mind;Hip hop music;113;251;-10.2;751090;19-11-2014;Contemporary R&B;Electro (music);;;;;;;2014
Sun;Indie pop;97;187;-8.7;759131;01-03-2014;Dance-punk;;;;;;;;2014
Pride (In The Name Of Love);Rock music;209;230;-9.1;763803;25-03-2009;Post-punk;;;;;;;;2009
Beautiful Day;Rock music;136;245;-9.8;769863;23-11-2007;;;;;;;;;2007
Island In The Sun;Alternative rock;114;199;-9.4;772091;14-07-2009;Power pop;;;;;;;;2009
A-Punk;Surf music;175.2;137;-7;773432;27-01-2008;Indie pop;;;;;;;Amaj;2008
Rack City;Hyphy;98;208;-11.1;788793;06-12-2011;West Coast hip hop;;;;;;;;2011
U Remind Me;Contemporary R&B;94;266;-10.3;789228;28-05-2004;;;;;;;;;2004
Baby Can I Hold You;Folk music;147;193;-15.5;790073;22-08-2005;Pop music;;;;;;;Dmaj;2005
One;Soul music;181;277;-10.6;798083;31-10-2002;Rock music;Downtempo;;;;;;;2002
DJ Got Us Fallin' In Love;Electronic dance music;119;222;-6.7;801185;13-07-2010;Europop;;;;;;;;2010
My Boo;Contemporary R&B;86;223;-11.6;814444;07-11-2005;Soul music;;;;;;;;2005
Habits (Stay High);Pop music;110;209;-7;825506;18-02-2015;Electropop;;;;;;;;2015
Hookah;Hip hop music;95;202;-8.8;827492;20-01-2015;;;;;;;;;2015
Talkin' Bout A Revolution;Contemporary folk music;119;161;-11.2;851983;22-08-2005;;;;;;;;Emin;2005
Africa;Soft rock;92;295;-19.7;856634;15-03-2008;;;;;;;;;2008
Lane Boy;Reggae;160;253;-9;862277;15-05-2015;Dubstep;Oldschool jungle;;;;;;;2015
George Michael:Careless Whisper;Post-grunge;152.56;302;-16.3;864601;13-11-2006;Smooth jazz;Alternative metal;Pop music;Blue-eyed soul;;;;Gbmin;2006
Careless Whisper;Post-grunge;152.56;302;-16.3;864601;13-11-2006;Smooth jazz;Alternative metal;Pop music;Blue-eyed soul;;;;Gbmin;2006
Habits (Stay High);Pop music;120;258;-9.3;864793;20-02-2015;Electropop;;;;;;;;2015
Red Red Wine;Reggae fusion;178;184;-11.3;865613;05-05-2008;Soft rock;Pop music;;;;;;;2008
Fast Car;Folk music;103;296;-20.3;866250;22-08-2005;Adult contemporary music;Pop music;;;;;;Gbmin;2005
Hold The Line;Hard rock;95.9;236;-16.2;866370;15-03-2008;Rock music;;;;;;;;2008
What You Know;Post-punk revival;138.7;189;-7.3;872522;26-02-2010;Indie rock;Dance-punk;;;;;;;2010
Alesso:Heroes (We Could Be);Progressive house;126;209;-7;879239;;;;;;;;;;
Stressed Out;Alternative hip hop;170;202;-8.3;891827;28-04-2015;;;;;;;;;2015
Yeah!;Crunk;104;250;-8.6;898549;09-01-2017;Hip hop music;;;;;;;;2017
Riptide;Indie folk;103.1;204;-9.4;966546;21-05-2013;Indie pop;;;;;;;;2013
Stay (Faraway So Close!);Alternative rock;94;299;;433463;31-10-2002;;;;;;;;;
